PDB_ID,PDB_Iron_Plane_Distance,XYZ_Iron_Plane_Distance,Plane_Distance_Difference,Axial_Combination
1ehk,0.05142021,0.04128977204073081,0.010130439751261378,HIS-HIS
4nvk,0.07932663,0.06347678615395136,0.015849843484720516,HIS-HOH
6prr,0.121175766,0.09740538192887627,0.02377038406233467,CYS-HOH
1ywd,0.12738037,0.10287211385018225,0.024508257243567755,HIS-HOH
2veb,0.1382904,0.06829630784046259,0.06999409743297491,HIS-OXY
1kb0,0.014274597,0.014274772583803497,1.7541583474667277e-07,HIS-MET
155c,0.056282043,0.029621585644640902,0.026660457812390348,HIS-MET
3eri,0.037677765,0.020855297846878784,0.01682246704569934,HIS-HOH
7dlh,0.10779762,0.08611490611301775,0.02168271656764631,HIS-HOH
2xj5,0.06115246,0.04575928374628013,0.015393174444637836,HIS-HOH
1y01,0.031255722,0.01932825143481587,0.011927470611082569,HIS-OXY
2aiu,0.044374943,0.022289472584687164,0.02208547019485385,HIS-MET
2z6s,0.024165392,0.05130827998136667,0.027142888059369596,HIS-OXY
6k9j,0.018819809,0.018819295544737713,5.13415223224456e-07,HIS-MET
5b84,0.03205204,0.03217088174379823,0.00011884164370057348,HIS-HOH
1jci,0.20734024,0.1694962820332151,0.03784395844530053,HIS-HOH
1cmp,0.03112793,0.02214741097827755,0.008980518709222451,HIS-HOH
3qzz,0.10676408,0.08849506607425983,0.018269012065998957,HIS-HOH
4bln,0.3865223,0.2828154267832268,0.10370686630759351,HIS-HOH
1h5z,0.0020589828,0.02163167720914494,0.019572694360023846,CYS-HOH
1ntf,0.34008026,0.24496802979441767,0.09511223143605108,CYS-HOH
2y98,0.07557297,0.06493585724634166,0.01063711028295522,CYS-HOH
1csw,0.03860855,0.04059644391806572,0.0019878928926750916,HIS-MET
5u5w,0.12942553,0.10288352970843295,0.02654199595685025,HIS-HOH
2v7i,0.11026001,0.08567935013966377,0.024580659625961232,HIS-HOH
1cxc,0.007549286,0.013876539441618263,0.006327253552946388,HIS-MET
4xmd,0.11017609,0.09039072613234289,0.01978536029343836,HIS-HOH
5b72,0.04374361,0.03443559600321677,0.009308014378863305,HIS-HOH
1q5d,0.15901184,0.1199582989226009,0.0390535418977116,CYS-HOH
3afv,0.14929163,0.11419684298035149,0.03509479157927986,HIS-HOH
1kbi,0.010686874,0.010688222593877583,1.348204229145722e-06,HIS-HIS
1cry,0.044142723,0.044141488436101994,1.2346473940993974e-06,HIS-MET
451c,0.042383194,0.023417122287252568,0.018966071682473995,HIS-MET
7d52,0.22971821,0.1756522964355547,0.05406591187743359,HIS-HOH
1ltd,0.050031662,0.036484835313860486,0.013546826673444201,HIS-HIS
4xv7,0.028820038,0.02983719576010202,0.001017157918305145,HIS-HOH
4lpi,0.10194445,0.08216234272079159,0.01978210384292911,HIS-HOH
4f68,0.065439224,0.018028639603404173,0.04741058463975989,HIS-OXY
3vnw,0.017082214,0.027550979620535543,0.010468765265066793,HIS-MET
5l1r,0.21974564,0.1715897113000011,0.04815592468632701,CYS-HOH
5op9,0.16441536,0.12069024267127659,0.04372511682579372,CYS-HOH
6tev,0.11290741,0.09315025143284927,0.019757158235119476,CYS-HOH
4jma,0.07187033,0.06216512741852931,0.0097051995773203,HIS-HOH
1cpf,0.04058838,0.0314732392775241,0.009115139628725899,HIS-HOH
5l1q,0.20130539,0.1648510323533685,0.036454357050928365,CYS-HOH
1aeh,0.0019111633,0.0019090362791018833,2.1270509762416623e-06,HIS-HOH
1zby,0.27368164,0.20947968690380492,0.06420195372119508,HIS-HOH
2r5l,0.2077179,0.15100870096392072,0.05670919454389178,HIS-HOH
2c2c,0.023897171,0.015077670933997922,0.00881950008650989,HIS-MET
4g8u,0.004676819,0.004674716547881985,2.102299774264793e-06,HIS-OXY
3h58,0.0393219,0.04095311357112408,0.001631214157061578,HIS-HOH
5oy2,0.0031852722,0.0015253826570802431,0.0016598895597166319,CYS-HOH
2hz1,0.009432375,0.009432409574107403,3.414304661220058e-08,HIS-HIS
7ve3,0.16373253,0.11690251403917173,0.0468300146473517,HIS-HOH
5ejt,0.21407318,0.16183658796553857,0.05223659318680518,HIS-HOH
4eif,0.008895874,0.002746255163231126,0.006149618860206374,HIS-MET
6k9i,0.0048675537,0.004867690463807861,1.3675287036107875e-07,HIS-MET
5xkv,0.044124603,0.04283627799336642,0.0012883252781179522,HIS-HOH
4jm5,0.04505205,0.04041869039625379,0.004633361147935666,HIS-HOH
4f6i,0.014532089,0.018585976844590846,0.004053887611192408,HIS-OXY
6y2y,0.10967398,0.08966404987874554,0.020009927019447815,HIS-HOH
4e2p,0.7256012,0.4708516814227153,0.2547495148663472,CYS-HOH
5z9i,0.12588024,0.0969269139100355,0.028953327484007474,CYS-HOH
1mlo,0.1273861,0.08755991152980869,0.03982618160983975,HIS-HOH
4l54,0.0642004,0.041097485935639,0.023102915370513344,CYS-HOH
1hlb,0.033620834,0.03362030277797601,5.315726099297535e-07,HIS-HIS
6vdz,0.11106062,0.06829848737616295,0.042762131978085094,HIS-HIS
5vjs,0.007616043,0.033800770533083835,0.026184727442263522,HIS-HIS
1nz5,0.019689798,0.017227258099495657,0.002462540255606882,HIS-HOH
1crh,0.107824326,0.06032609529897215,0.04749823026255129,HIS-MET
3emm,0.1882143,0.14254635566359752,0.04566794639939076,HIS-HOH
4it8,0.009363055,0.02530582398845338,0.015942768759266368,HIS-HOH
5a5i,0.05649948,0.05039460993725697,0.006104871263914902,CYS-HOH
2qqt,0.17429352,0.13176343388681744,0.04253008417958881,HIS-HOH
6dyi,0.09139252,0.06087164753409979,0.030520869555743957,HIS-MET
5oxu,0.10859871,0.08874826839252314,0.01985044071392217,CYS-HOH
5vcc,0.14452744,0.11465198870947546,0.029875446593258914,CYS-HOH
5x23,0.11277866,0.06747019013949362,0.04530847349576028,CYS-HOH
3m25,0.06428909,0.03515128012696778,0.02913781289061035,HIS-HOH
6onq,0.11813927,0.09015052574746107,0.027988741220312363,HIS-MET
6a6q,0.186656,0.13237428621168412,0.054281712018296346,HIS-HOH
1cif,0.0209198,0.019118025558654494,0.0018017742460330055,HIS-MET
4wch,0.07276535,0.026296559658078422,0.04646879068371845,HIS-OXY
1u13,0.009217262,0.02029123072695249,0.011073968458886085,CYS-HOH
2vo2,0.015579224,0.012955653577332527,0.0026235700554799735,HIS-HIS
1oaf,0.16534424,0.12775232290412575,0.03759191537712425,HIS-HOH
1cyj,0.016978264,0.0006772559479895079,0.01630100790699096,HIS-MET
2spo,0.025213242,0.026497950665039127,0.0012847090878906897,HIS-HOH
3oo3,0.24067307,0.1819671704248229,0.058705894760723965,CYS-HOH
3gcl,0.13350868,0.0983751025199453,0.03513357973103126,HIS-HOH
1sk7,0.005220413,0.014582378757516778,0.009361965549508966,HIS-HOH
2bk9,0.03060913,0.03060874025493021,3.90604444788778e-07,HIS-HIS
2as2,0.14125252,0.1107356644801083,0.030516853220087015,HIS-HOH
4fef,0.112846375,0.08882712639008616,0.024019248121632586,HIS-HOH
4jms,0.006828308,0.0015973145764149876,0.005230993529053762,HIS-HOH
2v23,0.22389603,0.16248795713499398,0.06140806947633415,HIS-HOH
2mgh,0.06537247,0.04151646856051272,0.023855998480502905,HIS-HOH
1aa4,0.018314362,0.026771359456034816,0.00845699788376919,HIS-HOH
1cpe,0.034355164,0.03350595962828962,0.0008492039459291334,HIS-HOH
1mnp,0.077194214,0.04920794313785848,0.02798627072932902,HIS-HOH
1bej,0.0070972443,0.01401525250871316,0.006918008246017848,HIS-HOH
2vcf,0.1257782,0.09856405828546855,0.027214139956718952,HIS-HOH
3m2h,0.011943817,0.2336850194177842,0.22174120227911231,HIS-HOH
5cyt,0.031747818,0.029157546787764943,0.0025902712053991195,HIS-MET
7nqn,0.15575027,0.11482306745474702,0.040927207203456106,CYS-HOH
2qrb,0.073776245,0.03451850351006058,0.03925774160712692,HIS-HOH
1ccr,0.058724403,0.04384097893416872,0.014883424447178939,HIS-MET
6pq6,0.22185612,0.17288109496759674,0.04897502228093842,CYS-HOH
6y1t,0.21312809,0.16106199594499238,0.05206609395979278,HIS-HOH
4wpz,0.040263653,0.04292401114468625,0.0026603583431725752,CYS-HOH
4fcn,0.33045387,0.24404672807119,0.08640714460947407,HIS-HOH
2al0,0.209939,0.15775468687745686,0.052184316113265794,HIS-HOH
3a2g,0.08101368,0.06210449744778934,0.01890918205660519,HIS-HOH
6oob,0.22207928,0.18146450619455834,0.04061477084401588,CYS-HOH
3dp5,0.044008255,0.03597698839127261,0.0080312666136102,HIS-MET
1gwt,0.22062749,0.16857600630063985,0.05205148040514018,HIS-HOH
1ccp,0.22753334,0.18184672908414257,0.045686611369958996,HIS-HOH
4mbn,0.15812683,0.1143780178710081,0.0437488131836794,HIS-HOH
2ca4,0.083236694,0.04713721708304064,0.03609947725289686,HIS-MET
3erh,0.12714577,0.08771981309266152,0.03942595411925254,HIS-HOH
4jcg,0.1016922,0.07658553809318036,0.02510666161385089,HIS-MET
6gk6,0.15851402,0.12831389327616094,0.030200129550987498,CYS-HOH
6ied,0.0034008026,0.003400677353759818,1.2525854486966637e-07,HIS-HIS
1f1f,0.031614304,0.03161369316429585,6.104245713345335e-07,HIS-MET
1nz4,0.034769773,0.022099704027993994,0.012670069455282373,HIS-HOH
4gp8,0.12350464,0.07215569617181927,0.05134894250005573,HIS-HIS
1yeb,0.09610939,0.0655135045919053,0.03059588566688376,HIS-MET
3awm,0.08771992,0.07008959289281957,0.017630324404543707,CYS-HOH
5u5v,0.15975189,0.12219735403247256,0.03755453805737119,HIS-HOH
4ns2,0.09156704,0.06911031352819563,0.02245672596155046,HIS-HOH
4nvg,0.04020214,0.03558014878117444,0.004621992026931032,HIS-HOH
1crj,0.0100746155,0.01439005103936708,0.004315435560851455,HIS-MET
2ggn,0.023685455,0.023684742634888067,7.126873775575859e-07,HIS-HIS
4ict,0.18086815,0.13045437902251322,0.050413769781197715,CYS-HOH
3ae4,0.018599749,0.018598992960118466,7.556513317297231e-07,HIS-HIS
5eet,0.007505417,0.00912848215822848,0.0016230652881112917,HIS-HIS
6u97,0.009876251,0.009877173234575487,9.220138723620153e-07,HIS-MET
6eye,0.019598007,0.02376733227958283,0.004169325077434394,HIS-HIS
4jqm,0.06710243,0.05679746592263335,0.010304966328343212,HIS-HOH
5ikd,0.28238297,0.20947579481153156,0.07290717027635907,HIS-HOH
4fa7,0.043260574,0.026558377742421868,0.016702196598398444,HIS-HIS
1mn1,0.10520172,0.08646398902727981,0.01873773216412644,HIS-HOH
1yyg,0.15052795,0.11722011774065777,0.03330783636090473,HIS-HOH
4rlr,0.04458809,0.01597803886203053,0.028610050127227282,HIS-MET
4g7l,0.009010315,0.009005626903146435,4.688038259814675e-06,HIS-OXY
4b4y,0.031936646,0.01729804168847693,0.014638603819335572,HIS-OXY
4ktj,0.07984924,0.06364020670376647,0.016209036460296034,CYS-HOH
2xi6,0.086811066,0.05199628521743094,0.03481478045639719,HIS-HOH
1jdr,0.056861877,0.05313062742933994,0.0037312500120663117,HIS-HOH
3qju,0.05911839,0.03096844462279691,0.02814994546051608,HIS-HIS
3a5b,0.009587288,0.017531117359188997,0.007943829456356966,HIS-HOH
1lue,0.10631561,0.0949421971573976,0.011373415635571149,HIS-HOH
5eoh,0.0052604675,0.014017972864024841,0.008757505334727966,HIS-HIS
2anz,0.117853165,0.08603404439535467,0.03181912027749689,HIS-HOH
1aeu,0.04283142,0.047282072934294206,0.004450652035856706,HIS-HOH
6gk5,0.13145256,0.10720373189453625,0.02424882853026844,CYS-HOH
6u87,0.0024546385,0.002454936172879396,2.976917392594203e-07,HIS-HOH
2q9g,0.018231392,0.0015274708942989434,0.016703921012439338,CYS-HOH
4jpt,0.1234045,0.09953047157796924,0.023874031290683106,HIS-HOH
1jpb,0.02843237,0.0305140183115431,0.0020816490793653664,HIS-HOH
4rm4,0.15422821,0.11383955342355456,0.04038865702566419,CYS-HOH
1dlw,0.16261578,0.12313265928162132,0.039483116780390404,HIS-HOH
3p6q,0.04572296,0.03944025934408302,0.006282702081698233,CYS-HOH
3m2f,0.028831482,0.10059098000910893,0.07175949807551518,HIS-HOH
1dy7,0.034614563,0.02867037221847113,0.00594419076981012,HIS-MET
7rl2,0.122177124,0.09962199103427949,0.02255513298915801,CYS-HOH
3m8m,0.21524811,0.16533729216754978,0.049910815742606474,HIS-HOH
5gnl,0.026373923,0.025345884260538742,0.0010280385643208767,CYS-HOH
1duk,0.005416155,0.019627947162216053,0.014211792300765858,HIS-HOH
4ktf,0.076911926,0.052272244049550665,0.024639682219980585,CYS-HOH
1cci,0.015010834,0.013348719904712425,0.00166211383552195,HIS-HOH
5x24,0.0983305,0.07681482926192551,0.02151566847977371,CYS-HOH
3l61,0.07142258,0.06340906163944382,0.008013515264853055,CYS-HOH
2ca3,0.034934998,0.02035729749907489,0.014577700059518861,HIS-MET
5xw2,0.039001465,0.019583808060559704,0.019417656783190296,CYS-HOH
4fia,0.19254875,0.13522774886039812,0.057321002970656565,CYS-HOH
1cty,0.020069122,0.009701441252811804,0.01036768106164132,HIS-MET
2v1i,0.053907394,0.0422411621130685,0.01166623229611119,HIS-HOH
1cpw,0.1041584,0.08220359399311405,0.021954807496143758,HIS-HOH
4g7s,0.04395485,0.019967023250380578,0.023987825992783485,HIS-HIS
1cmq,0.0017471313,0.0017440359800957594,3.0953675604905584e-06,HIS-HOH
1dcc,0.1276226,0.058232950616087464,0.06938965375402972,HIS-OXY
4uax,0.16569519,0.13222180307618814,0.03347338735349936,CYS-HOH
1aes,0.019218445,0.0015115387395709945,0.017706906084647756,HIS-HOH
2rbt,0.035650253,0.03408556610403313,0.0015646871918653105,HIS-HOH
6c4w,0.016192436,0.012626599544919515,0.0035658366733422042,HIS-MET
5ibj,0.14137077,0.10210843478895626,0.03926233852647343,CYS-HOH
4nvd,0.09487915,0.07586676321943742,0.019012387171187584,HIS-HOH
1mls,0.017478943,0.017480440926124885,1.4980550311349816e-06,HIS-HOH
1cie,0.016767502,0.023315346106585366,0.006547844275530679,HIS-MET
4f6b,0.0651207,0.05360628653609112,0.011514410485393256,HIS-HOH
4bm3,0.24588442,0.18093507997876834,0.06494933850878049,HIS-HOH
4faa,0.2395382,0.12890402447957783,0.11063416826944561,HIS-HIS
3s8f,0.03232956,0.00963234990818762,0.022697209417984254,HIS-HIS
6r1q,0.029130936,0.02912986810859941,1.0675603459020522e-06,HIS-HIS
1arp,0.07001495,0.05744544582074873,0.01256950779253252,HIS-HOH
5mjd,0.017881393,0.061879302249977286,0.0439979088173601,HIS-HIS
6mjm,0.12696075,0.0883206612751728,0.038640093119358454,CYS-HOH
1x46,0.0069646835,0.0069652980256709185,6.144929560747414e-07,HIS-HOH
1m59,0.0077462196,0.006839449342557202,0.0009067702924525634,HIS-HIS
5lte,0.02746582,0.027341083573759306,0.0001247367387406939,HIS-HOH
7kyr,0.036255956,0.036255475915528024,4.797805779332975e-07,HIS-HOH
2w6w,0.09885597,0.06893200153437817,0.02992397075566089,HIS-HOH
6tet,0.08234215,0.06479981091662523,0.017542336910523204,CYS-HOH
1ac8,0.0019874573,0.005230196306193591,0.0032427390308029658,HIS-HOH
2pum,0.17415619,0.11628832517982701,0.05786786378501674,HIS-HOH
2mgb,0.11333656,0.085992615011385,0.027343948098966564,HIS-HOH
1cyf,0.08383179,0.05546090905925638,0.02837087805011862,HIS-HOH
4nvf,0.09454346,0.0773769369980073,0.017166520033242705,HIS-HOH
2spm,0.09404564,0.0731694732406325,0.02087616579745344,HIS-HOH
3p6u,0.055383682,0.05175114133959369,0.0036325409113828755,CYS-HOH
4ktl,0.054719925,0.045926934306717015,0.008792990620040797,CYS-HOH
4xv5,0.05350113,0.02168945475809636,0.031811674392294265,HIS-HOH
3m2a,0.03847885,0.03806025600697893,0.00041859531138044304,HIS-HOH
1fcb,0.1397953,0.10313580059465366,0.0366595027500729,HIS-HIS
3wec,0.19392824,0.11816030458724125,0.07576793714249508,CYS-HOH
4jm9,0.05052471,0.05154914221514417,0.0010244306062574537,HIS-HOH
7nhq,0.22851562,0.15038929046809812,0.07812633453190188,HIS-HIS
4ipw,0.16853905,0.13021115202163003,0.03832789521958091,CYS-HOH
1dt1,0.060354233,0.02897053592245058,0.03138369686563536,HIS-MET
2j18,0.21913195,0.1595247832164064,0.05960716334731431,CYS-HOH
6mcw,0.017845154,0.004250231642238589,0.013594922166355161,CYS-HOH
6x8x,0.03406334,0.016539102610643397,0.01752423662275504,HIS-MET
1bem,0.11831856,0.10097920327179111,0.017339354467466706,HIS-HOH
6cpp,0.3805344,0.27915973356791746,0.10137467690876711,CYS-HOH
6fja,0.0015048981,0.0015043023505043607,5.957207847018253e-07,HIS-MET
3vp5,0.017505646,0.007924393758827364,0.009581251993125761,HIS-HIS
3m23,0.072761536,0.0727642541192779,2.718474746643551e-06,HIS-HOH
2q9f,0.15319824,0.12455163548776405,0.028646606699735955,CYS-HOH
1y5l,0.0023040771,0.0023061819246095183,2.104776172018319e-06,HIS-HIS
4jqn,0.112427235,0.09113748178066228,0.021289752868995926,HIS-HOH
1xch,0.06750083,0.05871968483119616,0.008781144865459112,HIS-HOH
7n14,0.074668884,0.053782707637545,0.020886176639798748,CYS-HOH
6rqb,0.15646744,0.10722591183165164,0.04924152591248898,CYS-HOH
3exb,0.14019012,0.10791764206067,0.032272482451048745,HIS-HOH
6gmf,0.11008453,0.08306576237455943,0.027018771316846824,CYS-HOH
6gda,0.044290543,0.015275439163396243,0.02901510343914282,HIS-MET
1wla,0.08762884,0.07471181232358326,0.012917029076563225,HIS-HOH
4nxc,0.21842194,0.1639329008448378,0.05448903519031845,HIS-HOH
3tgy,0.04629898,0.021587036230489076,0.02471194448240155,HIS-HOH
4kvk,0.004459858,0.0044614360436758815,1.5781030020534104e-06,HIS-HIS
6xam,0.2509575,0.1845688837616919,0.06638860525197998,CYS-HOH
4cpp,0.48112988,0.3684929044111733,0.1126369803086753,CYS-HOH
6rsi,0.011514664,0.02520044714229286,0.013685783446003796,HIS-HOH
5m0n,0.06298542,0.05625721925387239,0.006728200973178389,CYS-HOH
5lft,0.018173218,0.018654024208233366,0.00048080643479586627,HIS-MET
5hlu,0.0566597,0.05067363211053433,0.005986066375793797,HIS-HOH
6m4s,0.03584671,0.02914353138848469,0.006703178816593436,CYS-HOH
5lth,0.04132843,0.03528379012479377,0.006044640050987482,HIS-HOH
1aej,0.0019111633,0.010561485529080983,0.008650322199002858,HIS-HOH
3vno,0.06658554,0.05174582089007007,0.014839719881414304,CYS-HOH
2hz2,0.060718417,0.03981051235501276,0.020907904812650813,HIS-HIS
1oag,0.19941139,0.150687719529774,0.04872367268214006,HIS-HOH
6qq1,0.032428503,0.03242785261167214,6.504248268868196e-07,HIS-MET
7cpp,0.336725,0.2578573961552788,0.07886760041149365,CYS-HOH
4xv8,0.043510437,0.03902667130323323,0.004483765708485521,HIS-HOH
3abb,0.17611694,0.13106730036466985,0.04504964299470515,CYS-HOH
3e2o,0.17728043,0.14107836830770282,0.03620205771768781,HIS-HOH
1hsr,0.11840248,0.09334608994923954,0.02505639112986202,HIS-HOH
351c,0.03221798,0.014046083033623091,0.018171896397529252,HIS-MET
1cig,0.048822403,0.04882369469816794,1.2917440663784419e-06,HIS-MET
2blh,0.106523514,0.09141938449121412,0.015104129302731195,HIS-HOH
2rbu,0.1259551,0.09738148482982822,0.028573619998052635,HIS-HOH
5kke,0.031837463,0.10063282091937253,0.06879535754046628,HIS-HOH
1u9u,0.014818668,0.000728785763360662,0.014089882602117854,HIS-HIS
4fcs,0.30120277,0.22175577623342857,0.07944699781442299,HIS-HOH
2uuq,0.102630615,0.0823915058237148,0.020239109410660205,CYS-HOH
6ro8,0.0072402954,0.0008441833082599715,0.0063961121018962785,CYS-HOH
1b5m,0.12966537,0.09153086300320723,0.038134511752652145,HIS-HIS
4jqj,0.062999725,0.053432791209194974,0.0095669341326019,HIS-HOH
3nv5,0.17246056,0.11924991123551543,0.05321064479475801,CYS-HOH
6tpo,0.0142765045,0.008438994055662619,0.005837510460938944,HIS-MET
1vxb,0.104031086,0.03497270380831008,0.0690583821597075,HIS-HOH
4nvo,0.04053068,0.03834640515090637,0.002184276459201051,HIS-HOH
7nqo,0.122600555,0.10400035049276468,0.018600204927157193,CYS-HOH
5xzi,0.0023031235,0.0023038168681353,6.933940142062056e-07,HIS-MET
1j77,0.109951496,0.08503418368140636,0.024917312442861217,HIS-HOH
5hiw,0.038058043,0.03288595847910436,0.005172084047140757,CYS-HOH
2yqb,0.010355949,0.010356595988096018,6.465862405491407e-07,HIS-MET
4jm6,0.055414677,0.04881875759237264,0.006595919073887124,HIS-HOH
1gjm,0.023342133,0.005626398915943298,0.017715733652416077,CYS-HOH
3fmu,0.36933947,0.27328210900137595,0.09605735709359475,HIS-HOH
1c6r,4.386902e-05,0.014006602760377795,0.013962733741823108,HIS-MET
1ccl,0.03578949,0.05488065713417711,0.019091167388083363,HIS-HOH
2zuj,0.18675995,0.14808346491270719,0.038676483817761564,CYS-HOH
4dc7,0.030200958,0.02611475393864815,0.004086204313304975,HIS-HOH
1chj,0.08262062,0.05437076548887987,0.028249855238659194,HIS-MET
4oek,0.47761536,0.37195851588863604,0.10565684055667646,HIS-HOH
5zze,0.033638954,0.03440489146926495,0.000765937306667297,HIS-HOH
2xkh,0.064665794,0.016795555076488,0.047870239296070594,HIS-OXY
1u75,0.18937111,0.13273963583537096,0.0566314731734181,HIS-MET
5ev5,0.002910614,0.0029073325138035955,3.281499868279525e-06,HIS-HIS
2qpe,0.028434992,0.028435509989241936,5.18152694084506e-07,HIS-HIS
1cpt,0.054660797,0.05095806734463082,0.0037027297745098053,CYS-HOH
6u3k,0.13066196,0.1045292127440014,0.026132751672502508,CYS-HOH
1pa2,0.14062405,0.10278456272114411,0.03783948360453948,HIS-HOH
1vxh,0.07143021,0.05878140558728351,0.012648800711544617,HIS-HOH
4jmt,0.037792206,0.03283895794497482,0.004953247865572052,HIS-HOH
6ff5,0.010937691,0.010937415729955546,2.750049077349104e-07,HIS-MET
1co9,0.05596924,0.05078419613176166,0.005185042149488339,HIS-HOH
2xil,0.0767498,0.03833073048036617,0.03841907115537602,HIS-HOH
6fyj,0.116794586,0.09014192007637689,0.026652666105263734,CYS-HOH
4iq7,0.21245766,0.17090774149496468,0.04154991536538688,CYS-HOH
3cy0,0.2231369,0.17277970095392092,0.05035720090154783,CYS-HOH
6wzp,0.25634766,0.1533688378134741,0.1029788184365259,CYS-HOH
2bpb,0.067085266,0.04093466070239771,0.026150605410883543,HIS-MET
1dj1,0.1453495,0.12035671997275266,0.024992782590723905,HIS-HOH
1dve,0.08784485,0.05895180620872509,0.028893042424087412,HIS-HOH
3m27,0.05312729,0.0531271885782445,1.0024011487530515e-07,HIS-HOH
6dcd,0.10930538,0.08993411667538886,0.01937126509951348,CYS-HOH
5eys,0.010808468,0.010807925119305395,5.42745684839474e-07,HIS-HIS
3qns,0.0494442,0.04636631532730462,0.0030778832810938184,HIS-HOH
1mbo,0.18454516,0.10187602913463567,0.08266913020526911,HIS-OXY
4dy9,0.024272919,0.03895263167575891,0.014679712974587034,HIS-MET
6xal,0.27595615,0.20730378953910034,0.06865236433052857,CYS-HOH
6eky,0.0046052933,0.0011291840779446005,0.0034761091959811807,CYS-HOH
5ug2,0.08412933,0.06900036473206228,0.01512896876403147,HIS-HOH
1cck,0.11677551,0.09199104069310238,0.024784472002210123,HIS-HOH
7anv,0.055583954,0.059712214883525405,0.00412826102610353,HIS-OXY
6zmq,0.15442657,0.10049494396866976,0.05393163073836149,HIS-HIS
1lhs,0.020842552,0.020842699083887695,1.4689882910090546e-07,HIS-HOH
4z5q,0.040685654,0.04143888272659524,0.0007532290400718011,CYS-HOH
1c52,0.015937805,0.04548201451098066,0.02954420933519941,HIS-MET
3voo,0.009386063,0.04850800213648743,0.039121939514417114,CYS-HOH
1ycc,0.026380539,0.01981099660898522,0.006569542331444467,HIS-MET
1b7v,0.18272972,0.1294122807318745,0.05331744033746144,HIS-MET
1raq,0.05790329,0.042352523891125315,0.01555076590379656,HIS-MET
2wio,0.22546005,0.16916910082761838,0.056290951662615996,CYS-HOH
2oh9,0.012836456,0.040005916913262496,0.02716946061443437,HIS-HOH
1kxm,0.08522797,0.06712175689261812,0.018106209415975627,HIS-HOH
2zwj,0.055838466,0.008278985136248584,0.04755948055436421,HIS-HOH
1cp5,0.064683914,0.05728547918529614,0.007398434999274173,HIS-HOH
3qjq,0.017204762,0.0011175553740443434,0.01608720613108261,HIS-HIS
7ccp,0.3801365,0.2854124769877018,0.09472401288046228,HIS-HOH
5d6m,0.11578941,0.06992743900906362,0.04586197444308482,HIS-HOH
6geo,0.15809631,0.11995804945505384,0.03813826402150866,CYS-HOH
1vxe,0.055230618,0.0465172766447739,0.008713340878419462,HIS-HOH
4nvh,0.09660673,0.080889365553241,0.015717365861553922,HIS-HOH
4eid,0.010144472,0.010144612058362146,1.399361697629331e-07,HIS-MET
5ocb,0.013562679,0.012501787923387297,0.0010608913673841869,HIS-MET
4ood,0.031804085,0.03170658909298929,9.749568484274107e-05,HIS-HOH
4nvn,0.054651737,0.050653706574179225,0.003998030638955541,HIS-HOH
4jpl,0.086128235,0.06981350866961122,0.016314726193670026,HIS-HOH
2xc3,0.11155701,0.08312162913438215,0.028435377701555353,CYS-HOH
5gxg,0.03561783,0.03603402931808475,0.0004162009489441232,CYS-HOH
5n1t,0.046774864,0.0274544556523022,0.019320408544475143,HIS-MET
2bcn,0.22574186,0.15745898153016125,0.06828288172057118,HIS-MET
7l3u,0.07910347,0.06882337679323935,0.010280093055393458,HIS-HOH
1dti,0.0718689,0.06486689403138257,0.0070020024529924285,HIS-HOH
3m2g,0.028060913,0.020504716121031663,0.007556196964905837,HIS-HOH
3g5f,0.20322609,0.14861591903557425,0.05461017044196481,CYS-HOH
6cuk,0.0015716553,0.007872973018990592,0.006301317745553092,HIS-HOH
4a71,0.21772671,0.1598974925056691,0.057829214952827,HIS-HOH
1lg9,0.121456146,0.09616051241085088,0.02529563382938349,CYS-HOH
4g8w,0.023254395,0.02325887439268115,4.4798614311503115e-06,HIS-OXY
4iq9,0.13479042,0.10821330270879415,0.026577117823432417,CYS-HOH
2c9x,0.059978485,0.05998724341326067,8.758305838796332e-06,HIS-MET
3rgk,0.067500114,0.05278652382394178,0.014713590616976191,HIS-HOH
1ck6,0.1391716,0.11019043960203234,0.028981160739764533,HIS-HOH
3x32,0.0005273819,0.005066962942661846,0.004539581045689189,HIS-HIS
1cca,0.16655731,0.14800908827920978,0.018548223732508973,HIS-HOH
1f65,0.024394989,0.04194042902739881,0.017545440013726932,HIS-OXY
5zm9,0.023256302,0.010798097820543973,0.01245820405933884,HIS-HIS
4jpu,0.098115444,0.08004623645549458,0.01806920772785503,HIS-HOH
2xkg,0.0092487335,0.0066219187279124014,0.002626814792595411,HIS-OXY
4nvl,0.08943939,0.07048691589258738,0.018952476197256374,HIS-HOH
5f2a,0.02025032,0.02029144755643486,4.1127121864548144e-05,HIS-HIS
1eca,0.1508789,0.05181183628288011,0.09906706996711989,HIS-HOH
6f1q,0.0012331009,0.0012327651213936974,3.3576971958382273e-07,HIS-MET
1ctz,0.08755875,0.06243159249499186,0.025127153842898764,HIS-MET
2vly,0.015735626,0.015737264345542457,1.6381248393315673e-06,HIS-OXY
1uvy,0.05640793,0.050613505367067546,0.005794423099729329,HIS-HOH
5m6j,0.09411001,0.06933314394748802,0.02477686810695534,HIS-HOH
2a3f,0.104831696,0.0857514903458565,0.01908020521078413,HIS-HOH
4nvj,0.06720257,0.05381897816234815,0.013383589891851067,HIS-HOH
3e5l,0.12067413,0.08522338399837537,0.03545074930240588,CYS-HOH
4nva,0.09244156,0.07424218180473474,0.018199377033155884,HIS-HOH
4msf,0.03278923,0.032788426685144145,8.036615355422327e-07,HIS-HOH
4jmb,0.072380066,0.060209543002017085,0.012170522915951665,HIS-HOH
5obo,0.007966995,0.01641599595744836,0.008449000718190547,HIS-MET
5ycg,0.0146045685,0.02900110762216812,0.014396539140722808,HIS-HOH
2blf,0.0284729,0.02847001175310737,2.8886375176284673e-06,HIS-MET
5u5y,0.021556854,0.024939991253832616,0.0033831370057857413,HIS-HOH
5ufg,0.24786282,0.18283182649719976,0.06503098935973384,CYS-HOH
4a6z,0.23038864,0.16930457317432968,0.0610840681830922,HIS-HOH
5ysm,0.045204163,0.043072804542624965,0.002131358055031285,CYS-HOH
1n4g,0.17321014,0.1156319553572196,0.057578188685749154,CYS-HOH
3b4x,0.010414124,0.010420262934658808,6.139399502558263e-06,CYS-HOH
2zwt,0.28004646,0.21328346662680886,0.06676299638588645,CYS-HOH
3ol5,0.07228851,0.06255003624318078,0.009738476940412966,CYS-HOH
1lqx,0.022638798,0.027582217945273158,0.004943420185263392,HIS-HIS
1ash,0.02248478,0.014448596453524587,0.00803618290438557,HIS-OXY
1ctj,0.0037231445,0.0010904446894368647,0.0026326998418131353,HIS-MET
4tvf,0.026826859,0.06770319193763186,0.040876333417124044,CYS-HOH
1xbn,0.103752136,0.042180049560926136,0.061572086669542614,HIS-OXY
5a1p,0.24682999,0.17969580291615728,0.06713418365610835,CYS-HOH
2boq,0.37074852,0.2716308036755599,0.09911771622190102,HIS-HOH
1aee,0.0045547485,0.009571040306454393,0.0050162917712981425,HIS-HOH
3cp5,0.045808792,0.03786352356109646,0.007945268553161355,HIS-MET
1qhu,0.07059574,0.04155995234680088,0.02903578892517178,HIS-HIS
4pqb,0.03675556,0.016480273591303884,0.020275288237309397,HIS-HIS
4fwz,0.17746735,0.15770000514096694,0.019767341050439313,HIS-HOH
1xme,0.059726715,0.03604386393286774,0.023682851155022888,HIS-HIS
4n4y,0.0949707,0.030102388599772212,0.06486831452522779,HIS-HIS
4dc8,0.028718948,0.028838826440141574,0.00011987807588376143,HIS-HOH
1ytc,0.0023880005,0.0023898110734101863,1.8105851289362818e-06,HIS-MET
4czo,0.35695934,0.2633546806022018,0.09360466235434117,HIS-HOH
6j84,0.29666138,0.21803235328553683,0.07862902366758817,CYS-HOH
7cka,0.049921036,0.041593787604867316,0.008327248161734246,HIS-HOH
7nqm,0.14491272,0.11459695340845144,0.03031576631811106,CYS-HOH
1mz4,0.012763977,0.012762858634246754,1.1184165344957364e-06,HIS-HIS
4xv6,0.030849457,0.027434442493870392,0.0034150142932389826,HIS-HOH
4jmv,0.1157608,0.0799311677358645,0.035829635486791744,HIS-HOH
1lfk,0.07699585,0.06237423604436998,0.01462161356500502,CYS-HOH
2cep,0.25426292,0.2000306628100148,0.054232261384321134,HIS-HOH
4oq7,0.0012512207,0.007352273769541284,0.006101053066416284,HIS-HOH
1llp,0.08763504,0.06756182053981519,0.020073219743387938,HIS-HOH
6ekw,0.03312397,0.03680787259915341,0.0036839025674151316,CYS-HOH
1a2g,0.104782104,0.09150140595686196,0.013280698535325541,HIS-HOH
4bll,0.27869368,0.20413892769303654,0.0745547483018365,HIS-HOH
1kv9,0.028237343,0.022428830282565926,0.0058085125519067304,HIS-MET
1aom,0.004699707,0.009905421273444404,0.005205714242194404,HIS-HIS
3cp4,0.2923751,0.29597038438068957,0.003595296642652457,CYS-HOH
5o18,0.014919281,0.020378822337065117,0.005459541331205742,HIS-HIS
4nvb,0.07131195,0.05780004938612393,0.01351190129746982,HIS-HOH
6qq0,0.006169319,0.04051376160381537,0.03434444245098334,HIS-MET
1vxg,0.17133331,0.14114230954709206,0.03019100344118919,HIS-HOH
2rc0,0.035277367,0.03321210262132368,0.0020652640168599135,HIS-HOH
3cu4,0.0061392784,0.008803960222548035,0.0026646818106828007,HIS-MET
1zoy,0.03359604,0.02226839641641476,0.011327642401944615,HIS-HIS
3eh5,0.13305187,0.07595381781045196,0.057098054442966006,HIS-HIS
2c8s,0.00459671,0.0033654015538644444,0.0012313086512136806,HIS-HIS
6m8f,0.084163666,0.06775487815574976,0.01640878761573461,HIS-HOH
7reh,0.15621376,0.1261875179379377,0.030026242438038864,CYS-HOH
1nz3,0.020520687,0.033564078930686136,0.013043391827414652,HIS-HOH
5eyj,0.016550064,0.022373208336770034,0.0058231442498559716,HIS-HIS
2b4z,0.03403759,0.017774809470160413,0.016262780556695056,HIS-MET
6krf,0.20703435,0.10691369691654629,0.10012065252498203,HIS-HOH
5cje,0.048526764,0.03812519346145393,0.010401570454561693,CYS-HOH
3qjv,0.04305935,0.03894851383656839,0.004110835223490206,HIS-HIS
5hlx,0.05292797,0.04769759518257555,0.0052303757036549214,HIS-HOH
3eh4,0.07677674,0.07677684598081269,1.0304563202723216e-07,HIS-HIS
2rbv,0.06591511,0.056720944706678544,0.009194163020372237,HIS-HOH
3iqb,0.049037933,0.01945811814227838,0.029579815207330995,HIS-OXY
5yzf,0.05051422,0.04487760167436505,0.005636619517041197,HIS-HOH
2v1j,0.0327034,0.020087007664987055,0.01261639199321607,HIS-HOH
5jt4,0.08567619,0.07181648999096168,0.013859703246343003,HIS-HOH
8cpp,0.3625548,0.2607993937525652,0.10175539483691232,CYS-HOH
1ehe,0.1674881,0.1350693161183596,0.032418782026171655,CYS-HOH
1chi,0.010818481,0.013772621036576282,0.0029541395912637824,HIS-MET
5hav,0.17330885,0.10089686612611848,0.07241198320859832,HIS-OXY
3m2b,0.046836853,0.025655897283137108,0.021180955744206642,HIS-HOH
2x08,0.110705376,0.07843861274491015,0.032266762926476567,HIS-HOH
3ovu,0.0033092499,0.003308834936749605,4.1494118008245096e-07,HIS-HIS
3zcg,0.10432005,0.08457240827274504,0.019747641013143635,HIS-HOH
5w58,0.20768738,0.15373691032851866,0.05395046760116884,HIS-HOH
3fkg,0.3628502,0.2631073093250187,0.09974287988396568,HIS-HOH
3c2c,0.025987625,0.0259853229630167,2.3021590536131953e-06,HIS-MET
1irw,0.11148262,0.08031822236774389,0.031164397871513927,HIS-MET
2rc2,0.045804977,0.04059759600230972,0.005207381414682466,HIS-HOH
3x33,0.00027561188,0.00027292178467774875,2.6900927636575034e-06,HIS-HIS
6s8y,0.08219504,0.05229139567024399,0.029903647893598784,HIS-MET
6gd9,0.026712418,0.026712979913479984,5.623109409214067e-07,HIS-MET
1cxy,0.045573235,0.030285763987301095,0.015287470570804373,HIS-HIS
2q8q,0.060256958,0.032387132369503746,0.027869825638308754,HIS-MET
2rbw,0.09099054,0.07342207882695728,0.017568464538521233,HIS-HOH
1o16,0.056964874,0.05637938065864745,0.0005854936089306761,HIS-HOH
6nzx,0.0167799,0.0167805173177058,6.17720537832156e-07,HIS-HIS
1beq,0.028520584,0.00755935199675406,0.020961232109691252,HIS-HOH
5a1r,0.18647385,0.13847177275116174,0.04800207368438514,CYS-HOH
2v1h,0.051872253,0.03666594917624266,0.015206304241726087,HIS-HOH
1bek,0.19566917,0.15773853382078684,0.037930640373549096,HIS-HOH
2as3,0.1136508,0.08883187560687222,0.024818923190735198,HIS-HOH
1lr6,0.01513958,0.015139971609469782,3.918365205635155e-07,HIS-HIS
5eu2,0.0066776276,0.010563847227349044,0.003886219663872481,HIS-HIS
2w23,0.35758972,0.2585206397935913,0.0990690818860962,HIS-HOH
1dp6,0.05567932,0.055679060609872266,2.6067919023375907e-07,HIS-OXY
1obm,0.035051346,0.035051734778264176,3.8895306886388425e-07,HIS-HOH
4qau,0.10218847,0.08369453367026658,0.018493934309164572,HIS-HOH
3wui,0.009462357,0.02402634623453359,0.014563989667150778,HIS-HOH
4g7q,0.14772797,0.0862300252016972,0.06149794110689655,HIS-HIS
1ch5,0.029590607,0.029805150308703787,0.00021454361925066223,HIS-HOH
1yzr,0.15475464,0.14183842614059472,0.01291621253128028,HIS-HOH
1aem,0.0019111633,0.0019090362791018833,2.1270509762416623e-06,HIS-HOH
6a2j,0.007347107,0.006549122277476727,0.0007979846561170234,HIS-HIS
4njb,0.25082588,0.17677270738533402,0.0740531745726738,HIS-HOH
1cmu,0.033218384,0.02641747428434371,0.006800909504718788,HIS-HOH
5yce,0.062318802,0.05033941339996062,0.011979388479922193,HIS-HOH
2vnx,0.043539047,0.02952360233928175,0.014015444901929186,HIS-HIS
1ehb,0.0031371117,0.003136983748865063,1.2791495329622649e-07,HIS-HIS
1ac4,0.04283142,0.04156926639859648,0.0012621544998410172,HIS-HOH
3m2c,0.0331192,0.03953681775152518,0.006417616091368927,HIS-HOH
6j83,0.21928406,0.16531340288622687,0.05397065473096063,CYS-HOH
7bi1,0.08508682,0.07966702880828791,0.005419793701477715,HIS-HOH
3de9,0.07469046,0.03800761195933544,0.036682849199417,HIS-MET
5ylw,0.23755741,0.1798088091729566,0.05774860202089105,CYS-HOH
1m20,0.029886246,0.023857985552918848,0.006028260174620215,HIS-HIS
2rbz,0.06125641,0.05333689493135374,0.00791951376005251,HIS-HOH
4pnj,0.047124863,0.03532540255841354,0.011799460112484894,HIS-HOH
1cc5,0.0018823147,0.0003829439989502248,0.0014993706830566111,HIS-MET
1yyd,0.17726135,0.13732119058873593,0.03994016195032657,HIS-HOH
4ktk,0.086746216,0.061808205077451106,0.024938010742861394,CYS-HOH
4pq6,0.0280509,0.026237694799776445,0.001813204705838789,HIS-HOH
4gm7,0.25129557,0.19223050516874984,0.05906506139008805,HIS-HOH
4ksz,0.015636444,0.02286660664960749,0.0072301625578106155,HIS-HOH
4g05,0.26584673,0.19657355403969223,0.06927317523887222,HIS-HOH
1kr7,0.075037,0.027709371444629483,0.04732763111884708,HIS-OXY
2zuh,0.21723366,0.16866688935934349,0.04856676847757058,CYS-HOH
5b85,0.04587555,0.042091844955407964,0.0037837043609982857,HIS-HOH
1kxn,0.116054535,0.08567996685741974,0.030374568054689632,HIS-HOH
3e2n,0.103279114,0.08557116362688788,0.01770795014264337,HIS-HOH
2all,0.050323486,0.04526348969505278,0.005059996633072217,HIS-HOH
1csx,0.043273926,0.04327567038863833,1.7446073883320423e-06,HIS-MET
1cot,0.0016479492,0.0016517404729512464,3.7912542012463746e-06,HIS-MET
2nrl,0.06931496,0.06002130928717797,0.009293647377861092,HIS-HOH
1iyn,0.010430336,0.030008551813972772,0.019578215815437616,HIS-HOH
5vju,0.00028133392,0.06016620971511699,0.05988487579177715,HIS-HIS
5abo,0.3085804,0.23778891093991916,0.07079148761965115,HIS-HOH
3qjt,0.13118243,0.06948095263269938,0.06170147954198324,HIS-HIS
2xn8,0.15299797,0.11516192441977591,0.03783604616127878,CYS-HOH
1r9o,0.06822395,0.045813241967039176,0.022410711280031137,CYS-HOH
4a7m,0.1390047,0.10513645351187684,0.033868253824548944,HIS-HOH
2vcs,0.1652298,0.12296633588126937,0.04226346148201188,HIS-HOH
1aet,0.0031356812,0.02627075850072913,0.02313507734838538,HIS-HOH
1aed,0.0019111633,0.004201898363007217,0.002290735032929092,HIS-HOH
1x3k,0.04826206,0.03477897694414478,0.013483082744423336,HIS-HOH
3fm6,0.29219246,0.22050726443336188,0.07168519467308343,HIS-HOH
6j82,0.096847534,0.07653291279370933,0.02031462138597817,CYS-HOH
1mll,0.045240402,0.04116540299053639,0.004074999231143295,HIS-HOH
4jm8,0.10957003,0.09330059322366502,0.01626943317404006,HIS-HOH
5jqr,0.012424469,0.0124255717123809,1.1027182402756353e-06,HIS-HOH
4eie,0.0051345825,0.005850980018188068,0.0007163974986568178,HIS-MET
1a2f,0.13963318,0.11455469598449497,0.02507848272644253,HIS-HOH
1cri,0.07277298,0.037583715427981446,0.03518926430834668,HIS-MET
5f0b,0.000869751,0.0008733770550080067,3.626078445506664e-06,HIS-HIS
2oz0,0.15994453,0.09131936370803118,0.06862517059372664,HIS-HIS
3m28,0.053451538,0.03692133476974391,0.016530203316193592,HIS-HOH
1ch9,0.029335022,0.030206953614090537,0.000871931641434287,HIS-HOH
2oh8,0.021621704,0.021090506306048695,0.0005311977955138047,HIS-HOH
1aeo,0.04283142,0.05649905290049162,0.01366763200205412,HIS-HOH
5u5u,0.10487795,0.08250804779751952,0.022369900963466804,HIS-HOH
6l8i,0.11686897,0.10207658715665957,0.014792385621660742,CYS-HOH
2nrm,0.062960625,0.05203473284216997,0.010925891852654246,HIS-HOH
6jt6,0.014936924,0.014936029093222558,8.948874903325077e-07,HIS-MET
7dls,0.12544441,0.1002778755675866,0.025166536663858707,CYS-HOH
4fdq,0.23489952,0.17177508242407669,0.06312443844994675,HIS-HOH
3m5q,0.2537079,0.19149510377002343,0.062212781972164066,HIS-HOH
3ziy,0.0024995804,0.00249851944309043,1.0609402103511911e-06,HIS-MET
1aek,0.0019111633,0.05003728363378457,0.04812612030370644,HIS-HOH
6ot8,0.020429611,0.020427849951783372,1.761254271315238e-06,HIS-MET
1cik,0.022846222,0.027299497602790268,0.004453275678962143,HIS-HOH
1qmq,0.07164192,0.06098716909889035,0.010654752898179964,CYS-HOH
4tpn,0.17268372,0.13697073847151842,0.035712977348794084,CYS-HOH
1gdv,0.008979797,0.0044102751445791455,0.0045695222187021045,HIS-MET
4ccp,0.21719551,0.16523117443769308,0.05196433642656473,HIS-HOH
5nws,0.0585289,0.038242620107752145,0.02028628003873223,CYS-HOH
5nvi,0.018585205,0.018583564913317474,1.6401648075259345e-06,HIS-HIS
1aen,0.04283142,0.13682196779899414,0.09399054690055664,HIS-HOH
1chh,0.028921127,0.03510830721363334,0.006187179894297401,HIS-MET
7kcs,0.12469292,0.10056827309779237,0.024124643772324816,CYS-HOH
2x5l,0.21818924,0.15936613014604006,0.05882310935591306,CYS-HOH
5m3s,0.080617905,0.06300955506375061,0.017608349599335327,HIS-HOH
1ccc,0.033454895,0.03184390313273866,0.0016109918867925899,HIS-HOH
6qq2,0.06225586,0.029581286334863677,0.03267457304013632,HIS-MET
2as1,0.12234306,0.09435153011914288,0.02799153323534931,HIS-HOH
1mtk,0.08604622,0.06879859632957874,0.01724762254249157,HIS-HOH
3iw1,0.21151352,0.15688021752295356,0.05463330176415582,CYS-HOH
5ibh,0.08249664,0.06101401206537105,0.0214826310010352,CYS-HOH
3i6n,0.22735214,0.1562611183562268,0.07109102397775757,HIS-HOH
1mti,0.06273651,0.05432168485931399,0.00841482637115476,HIS-HOH
3m26,0.053352356,0.024295566412320113,0.029056789544711137,HIS-HOH
6pqd,0.15038586,0.11114349079255703,0.03924236583586094,CYS-HOH
1flp,0.0519495,0.05039934452026884,0.0015501565173288157,HIS-HOH
1co6,0.062462807,0.04928789691834101,0.013174909783319144,HIS-MET
3o1a,0.047569275,0.03724137691128604,0.01032789799105771,CYS-HOH
3qjs,0.0731436,0.031186097018044645,0.04195750439949686,HIS-HIS
5edt,0.4025631,0.31257521821653,0.08998787687624343,CYS-HOH
1jdl,0.040436745,0.04532289750615548,0.004886152816214073,HIS-MET
2ce1,0.004968643,0.004968815223321599,1.7203484503625077e-07,HIS-MET
2pt3,0.15917397,0.10091143266661007,0.058262532787491494,HIS-HOH
6vzb,0.20380974,0.1562281540467474,0.047581584112432296,CYS-HOH
7de5,0.28278542,0.20882927333477497,0.0739561423146391,HIS-HOH
5xkw,0.048136473,0.05010112692234969,0.0019646542203233253,HIS-HOH
1co8,0.045604706,0.04267968335158656,0.0029250224589603135,HIS-HOH
2rbx,0.058166504,0.047814093163310645,0.010352410742939355,HIS-HOH
7dao,0.19691992,0.13939800078659914,0.05752191727370359,HIS-HOH
2wtg,0.020445108,0.011224605559040146,0.009220502854656143,HIS-OXY
3vm4,0.07763195,0.058483580303158256,0.019148370075259713,CYS-HOH
4g71,0.14655495,0.051961547836867794,0.09459339906254627,HIS-HIS
1ofk,0.04202652,0.046043612631962105,0.00401709285657148,HIS-HOH
1ldc,0.008739471,0.0038302809246069103,0.004909190510939965,HIS-HIS
5wv3,0.05860138,0.038361734231735056,0.020239645162796194,HIS-HOH
2ah7,0.16615868,0.12604785405408236,0.04011082209337857,HIS-HOH
4fwy,0.17896676,0.12662670868589476,0.052340051949481214,HIS-HOH
1hzu,0.084098816,0.06048803167657013,0.02361078424139862,HIS-MET
4g2g,0.30452156,0.22648768159681154,0.07803387907213377,CYS-HOH
1yiq,0.010522842,0.010522854905779866,1.2498553303430526e-08,HIS-MET
2as4,0.14840603,0.11288121023311426,0.035524818514444334,HIS-HOH
2ccp,0.032728195,0.028733535005642352,0.003994660184787335,HIS-HOH
3l62,0.084215164,0.06946196869265364,0.01475319549191667,CYS-HOH
1cyi,0.0023765564,0.01209352146480569,0.009716965068321315,HIS-MET
4y55,0.03686905,0.0320405035742084,0.004828545498057224,HIS-HOH
1nen,0.011562347,0.0056932865936616395,0.0058690608184477355,HIS-HIS
2y6a,0.21374321,0.15820536208729763,0.05553784775156956,HIS-HOH
3wc8,0.005027771,0.005745692466440744,0.0007179214703469938,HIS-HOH
7dmr,0.22419071,0.16672167937206694,0.05746903260303071,HIS-HOH
1cpd,0.039138794,0.016880157102786342,0.022258636842526158,HIS-HOH
4pw9,0.03712082,0.037122771867743154,1.9527759462789618e-06,HIS-MET
5ccp,0.21765709,0.16695023459352143,0.05070685463987701,HIS-HOH
6lco,0.20262527,0.1521669402705541,0.05045833438764902,HIS-HOH
4bm4,0.2891941,0.20660602734913347,0.08258807970653059,HIS-HOH
4f6d,0.051107407,0.05867609350367786,0.007568686887466924,HIS-OXY
2xif,0.13372421,0.10645644788895936,0.027267764757525015,HIS-HOH
7cl8,0.18801951,0.15325313381315553,0.034766380270706776,CYS-HOH
2amm,0.078074455,0.06400514556150227,0.014069309699728194,HIS-HOH
2wgy,0.12643433,0.09644791377488815,0.02998641239698685,CYS-HOH
1rtx,0.006103158,0.0044352554994313564,0.0016679024976999912,HIS-HIS
4h07,0.066999435,0.05540016274261994,0.011599272682184747,HIS-HOH
1m2i,0.0062828064,0.0015961933082291324,0.004686613088255243,HIS-HIS
1vgi,0.029144287,0.028307906752175427,0.0008363803571995732,HIS-HOH
1j52,0.082336426,0.07293995045995771,0.009396475321292286,HIS-HOH
5ndc,0.012395859,0.008545121819544477,0.003850736945103961,HIS-HIS
6krc,0.16443253,0.11155420839857388,0.05287831723619174,HIS-HOH
4of9,0.04810047,0.04140262258004057,0.00669784891654146,HIS-HOH
3ccp,0.1907711,0.14428301593560988,0.046488086969663556,HIS-HOH
4czn,0.19264221,0.1452856474132318,0.0473565645008307,HIS-HOH
5u60,0.09576416,0.0775094357835826,0.018254724372667397,HIS-HOH
4blk,0.18983078,0.1472916309221901,0.042539149107106766,HIS-HOH
5u5x,0.08219528,0.06253021602426401,0.019665065958157868,HIS-HOH
1ofj,0.038820267,0.04361983349560816,0.00479956677197535,HIS-HOH
3g5h,0.20078659,0.1481331455720465,0.05265344500412539,CYS-HOH
3qf1,0.04978943,0.03540496255968506,0.01438446615125244,HIS-HOH
1yea,0.074258804,0.04359926093685118,0.030659543384437882,HIS-MET
4tpo,0.13874817,0.1109993230853199,0.0277488458599926,CYS-HOH
3p6x,0.07274389,0.05878562377836083,0.013958268891316905,CYS-HOH
3rwl,0.21381712,0.15304164632310524,0.06077547327528343,CYS-HOH
1krj,0.07965851,0.06918423191518741,0.01047427638559384,HIS-HOH
2spn,0.0016479492,0.0011131779442514755,0.0005347712744985245,HIS-OXY
4blx,0.25203896,0.19283303586118095,0.05920591982729562,HIS-HOH
4nvi,0.11879015,0.09583339590608642,0.022956753782634287,HIS-HOH
3cy1,0.17347527,0.1254757643365103,0.04799950116641938,CYS-HOH
2vyy,0.019744873,0.019744398400952434,4.746459225657418e-07,HIS-OXY
6vdq,0.015895605,0.021940839339970708,0.006045234252690435,HIS-HIS
5eqm,0.018865585,0.0188615101713836,4.075155764837746e-06,HIS-HIS
1e29,0.0064783096,0.033979339419328625,0.02750102978798097,HIS-HIS
1cih,0.032751083,0.024491262762563082,0.008259820611460356,HIS-MET
6gd7,0.035812378,0.031967449055077424,0.0038449288746100763,HIS-MET
5nw6,0.015478134,0.011657739692964242,0.0038203944623091957,HIS-HIS
3m2e,0.030143738,0.028608233859586107,0.0015355039333826426,HIS-HOH
4u9e,0.029151917,0.027058995389577234,0.002092921114329016,HIS-MET
5o17,0.020225525,0.020220397722791716,5.127179552033567e-06,HIS-HIS
3nv6,0.14288783,0.1034141324000526,0.039473698334200336,CYS-HOH
1m2m,0.0020866394,0.0003462087649817036,0.0017404306393151714,HIS-HIS
4o4t,0.14508438,0.09399627210360251,0.05108810899991312,HIS-HIS
1jp9,0.030771255,0.03271604540782036,0.0019447899146562975,HIS-HOH
1ue8,0.004798889,0.010278782827953137,0.005479893667796887,CYS-HOH
3awq,0.06818724,0.05311777919228078,0.015069457593607893,CYS-HOH
1c75,0.009888649,0.009890047729281815,1.3987424654082758e-06,HIS-MET
2jjn,0.15751767,0.12115201844058854,0.03636565314449447,CYS-HOH
4nve,0.10142517,0.06977248065771846,0.03165269024071904,HIS-HOH
1aeb,0.0019111633,0.0014459008344189783,0.0004652624956591467,HIS-HOH
7red,0.022453308,0.022142088846903718,0.00031121925856503196,HIS-HIS
2b0z,0.042121887,0.029890875561605412,0.012231011645425838,HIS-MET
5u5z,0.14714813,0.11671544052671834,0.03043269179750041,HIS-HOH
1a6m,0.023471117,0.03967581412454724,0.016204697104893917,HIS-OXY
1io3,0.007900238,0.0035718747111275206,0.004328363325981854,HIS-MET
1vxd,0.15521145,0.12564178105892898,0.029569667610504613,HIS-HOH
4jn0,0.046203613,0.041235841355245384,0.004967771926004616,HIS-HOH
7cl9,0.23253918,0.18220625247495015,0.05033292446596782,CYS-HOH
1w2l,0.033296585,0.024577434306657153,0.00871915077635066,HIS-MET
4g46,0.18966103,0.14045255721209315,0.04920846878888341,CYS-HOH
1ccb,0.11759186,0.08988543132196014,0.02770642658819611,HIS-HOH
5w0c,0.10055542,0.07717512313138286,0.02338029679049214,CYS-HOH
6m7e,0.13346863,0.097416612852534,0.0360520150771535,HIS-HOH
1nek,0.0013809204,0.0012195680377402596,0.00016135237241599043,HIS-HIS
1ymb,0.03437066,0.03437048119570374,1.7958615661228805e-07,HIS-HOH
3mm1,0.07777691,0.06453416931693123,0.013242739557580485,HIS-HOH
4i3q,0.4010868,0.30705410403970923,0.09403270321126733,CYS-HOH
3vtj,0.48407793,0.37621169699745405,0.1078662334529854,CYS-HOH
6m4q,0.09056091,0.07523130981900295,0.015329603266934555,CYS-HOH
3wxo,0.028551102,0.02907901374816646,0.0005279120635961476,HIS-HOH
3iw0,0.19811344,0.14848298497343748,0.049630456493847674,CYS-HOH
1mn2,0.032203674,0.032201748065162406,1.92625124384449e-06,HIS-HOH
7c74,0.16285324,0.10665979614103449,0.056193444825762384,HIS-HOH
7nhp,0.32203674,0.22427063983417383,0.09776610332988867,HIS-HIS
4ips,0.20733452,0.15762671988381882,0.049707798548798365,CYS-HOH
2ycg,0.052127838,0.04348699050268223,0.008640847632083393,HIS-HOH
4dxy,0.063849926,0.06546075570027288,0.00161082970539983,CYS-HOH
4gp5,0.14242935,0.06962250940306802,0.0728068424035726,HIS-HIS
1zbz,0.036281586,0.03480468445670226,0.0014769012366571133,HIS-HOH
1myt,0.09439087,0.07812460839910784,0.016266260741517158,HIS-HOH
4kmg,6.0081482e-05,0.0015895657180617917,0.001529484236128198,HIS-MET
1mlh,0.03323555,0.039474180101247924,0.006238630174490112,HIS-HOH
5ik1,0.086574554,0.07018020543550918,0.016394349007850195,CYS-HOH
1aeg,0.0019111633,0.0002497772838054857,0.0016613860462726393,HIS-HOH
3dmi,0.024349213,0.024348184428113484,1.0282183708909542e-06,HIS-MET
5al9,0.16100311,0.12548155187002408,0.03552156092294467,HIS-HOH
2w6x,0.08668327,0.06275202671904978,0.023931246596379907,HIS-HOH
6cvc,0.040343285,0.040779735057612676,0.0004364504506790823,CYS-HOH
3o89,0.07388306,0.040659041516398986,0.033224015124226014,HIS-HOH
5utb,0.021949768,0.021949423776298715,3.442901075345617e-07,HIS-HOH
3awp,0.0446167,0.035758583720927106,0.008858115497822894,CYS-HOH
3iw2,0.14637184,0.10604741427266262,0.04032442715800144,CYS-HOH
7pr4,0.09854579,0.07937022399984617,0.019175565718781762,HIS-MET
1irv,0.18916512,0.12513621527899588,0.06402890007744944,HIS-MET
5twt,0.062316895,0.06370520065514995,0.0013883061238999517,HIS-HOH
4tyx,0.035924435,0.02052581679701193,0.015398617864853303,HIS-HOH
6geq,0.14724159,0.11616811452782017,0.031073477879406397,CYS-HOH
6wzc,0.0011787415,0.0011819816133211702,3.2401582430452436e-06,HIS-MET
4ccx,0.15755463,0.13360589472600282,0.023948731738840934,HIS-HOH
4h0b,0.053473473,0.01460713891467691,0.038866333680537934,HIS-OXY
5hlq,0.099996805,0.08668638286023178,0.013310422330808258,HIS-HOH
5mxz,0.02018261,0.05422880604128366,0.03404619648317819,HIS-MET
3aef,0.0031051636,0.008550389879104614,0.005445226304885864,HIS-HIS
2x9p,0.15670371,0.12120936599015764,0.03549434456587264,CYS-HOH
4qjq,0.0054483414,0.0028367325040949964,0.00261160886553391,HIS-HOH
5c58,0.027450562,0.02477904065679848,0.002671520866639021,HIS-HIS
6pqw,0.2639923,0.1979865384913424,0.0660057710789701,CYS-HOH
1cpg,0.019256592,0.03276450956292365,0.01350791776604865,HIS-HOH
4jqk,0.0885129,0.07237504961947394,0.016137847871981137,HIS-HOH
1aev,0.06932068,0.05767077417532107,0.011649904535616429,HIS-HOH
2wm5,0.1855402,0.1406071207150017,0.04493307856478346,CYS-HOH
3x35,0.0018138885,0.0018125346641006956,1.353885703991864e-06,HIS-HIS
1csu,0.004896164,0.004895650634118454,5.133063112339187e-07,HIS-MET
1ch2,0.104249954,0.08390898412366354,0.02034097009996927,HIS-HOH
6gd6,0.023850441,0.023850171659276498,2.693197274084014e-07,HIS-MET
1mj4,0.011105061,0.007307973598754458,0.00379708697863812,HIS-HIS
3q3u,0.16283,0.11699340687650617,0.045836588278828305,HIS-HOH
3vxi,0.038264632,0.03494263754371052,0.0033219946813261014,HIS-HOH
3fm4,0.40068054,0.28606738740099047,0.11461315459119703,HIS-HOH
1cyo,0.007774353,0.007773239027898171,1.1139994455788838e-06,HIS-HIS
1mk8,0.2269516,0.1800263553453192,0.04692524377577456,HIS-HOH
5ych,0.053853035,0.03889269712566801,0.014960337847476524,HIS-HOH
7ow9,0.1638794,0.1419672778679022,0.021912116663347803,CYS-HOH
1ch1,0.07176399,0.05886174416228229,0.01290224814728802,HIS-HOH
3sfd,0.12011719,0.07516679930910897,0.04495038819089103,HIS-HIS
2x07,0.08126068,0.061014782345115925,0.020245898807227825,HIS-HOH
3m2d,0.032562256,0.01651490799699218,0.01604734786238282,HIS-HOH
2xj8,0.25309372,0.17861413066310483,0.07447958881931704,HIS-HOH
4g48,0.18590927,0.13954204219943023,0.04636722904080415,CYS-HOH
1v07,0.0043144226,0.00431402153504834,4.010723735348165e-07,HIS-OXY
4xmc,0.08174801,0.06522325781546279,0.016524750912564556,HIS-HOH
4o4z,0.11805534,0.08109016455614082,0.03696517907178887,HIS-HIS
1aef,0.0019111633,0.0012531534780748643,0.0006580098520032607,HIS-HOH
5o27,0.022714615,0.020207758920694374,0.0025068559474696883,HIS-HIS
5ibi,0.02340126,0.023401351251742142,9.087576557931243e-08,CYS-HOH
4fwx,0.22469497,0.16190400001166383,0.06279096725823363,HIS-HOH
2xj6,0.22007942,0.14982252147196107,0.07025690052510924,HIS-HOH
1dm1,0.22325087,0.175044945112667,0.0482059208236123,HIS-HOH
3b47,0.05248022,0.03629750580567048,0.016182714989007252,HIS-HOH
4xv4,0.0004119873,0.017412812958205848,0.017000825653518348,HIS-HOH
1crg,0.008003235,0.0062909302243276954,0.0017123046389535546,HIS-MET
1stq,0.21516418,0.1669791566657537,0.04818502790455881,HIS-HOH
1tqn,0.11856747,0.10365713120493858,0.014910335530901264,CYS-HOH
2mgm,0.10495949,0.04295825680341636,0.0620012311116227,HIS-OXY
3u3e,0.11728001,0.09148187943132591,0.0257981269773655,HIS-HOH
2acp,0.15232468,0.11757256334583133,0.03475211316784055,HIS-HOH
1v5h,0.011123657,0.025521272564688502,0.014397615338126002,HIS-HIS
1jp6,0.01624608,0.023457065963545354,0.0072109855649857835,HIS-HOH
1nz2,0.059495926,0.05335304987003742,0.006142876033282896,HIS-HOH
4f6g,0.06736946,0.0564975610923355,0.01087189996723481,HIS-HOH
1ch3,0.15053177,0.11242946913814222,0.0381022996606859,HIS-HOH
1ccj,0.08122635,0.060130867525757026,0.0210954813511961,HIS-HOH
5ocf,0.0033073425,0.0038220942882301046,0.0005147517589332296,HIS-MET
2v07,0.007277727,0.00727901678606635,1.2896589911548517e-06,HIS-MET
7c73,0.1451931,0.09784834836941414,0.0473447516061718,HIS-HOH
2ohb,0.069330215,0.06289454359408708,0.00643567186001448,HIS-HOH
3ivy,0.20030594,0.14513615613625674,0.05516978258444638,CYS-HOH
2vka,0.28249836,0.2075645771562069,0.07493378252396887,HIS-HOH
2v2e,0.20512867,0.14842680970204114,0.05670186003672839,HIS-HOH
1h57,0.022708893,0.00780222787728313,0.014906664944982495,HIS-OXY
1cp0,0.07543564,0.057056583601209354,0.01837905482652502,HIS-HOH
1a6k,0.10591102,0.08331844136023925,0.02259257510399415,HIS-HOH
7di3,0.18680096,0.1396582662314536,0.04714269049462061,CYS-HOH
102m,0.04650116,0.04864198723845803,0.0021408275704892787,HIS-HOH
2ycc,0.00039672852,0.005665494987194819,0.005268766471569819,HIS-MET
6vz6,0.022872925,0.044075055453335565,0.021202130648648065,HIS-HIS
4eic,0.0039081573,0.010721410430345912,0.0068132530817131,HIS-MET
5xxi,0.047163963,0.05436064470197444,0.007196681384103343,CYS-HOH
2oha,0.04638672,0.044865442052874016,0.001521276697125984,HIS-HOH
4bja,0.018352509,0.017483017508794774,0.0008694910361271013,HIS-HIS
4yxd,0.053445816,0.036842865929141766,0.016602950110897297,HIS-HIS
3a5a,0.043508887,0.03436945162086913,0.00913943567008546,HIS-HOH
4jmw,0.09367657,0.07881023967699896,0.014866327400637758,HIS-HOH
3zkp,0.19799423,0.14330451925115373,0.05468971292658065,CYS-HOH
2jjo,0.19663525,0.14927738015409187,0.0473578661227636,CYS-HOH
1es1,0.029033184,0.029033242731018483,5.867950481075468e-08,HIS-HIS
2ce0,0.005221367,0.007671999265879137,0.002450632383554918,HIS-MET
5ngx,0.0024909973,0.0024916660600169394,6.687455638143547e-07,HIS-HOH
1l9b,0.0049476624,0.011871947391750126,0.006924285038234501,HIS-MET
2zoo,0.0121593475,0.023211942718349476,0.011052595184169789,HIS-MET
2hz3,0.026914477,0.041740854572138275,0.014826377223810638,HIS-HIS
6a4y,0.113723755,0.08515714534058105,0.028566609542231447,HIS-HOH
1cmt,0.013381958,0.03270895736657309,0.019326999358760588,HIS-HOH
4g70,0.080373764,0.04520567045551971,0.03516809358256623,HIS-HIS
6vza,0.2330389,0.1766078119993182,0.05643109028339666,CYS-HOH
5mxy,0.020578861,0.02057900562485404,1.443882817753206e-07,HIS-MET
5o1k,0.011575699,0.011576594045042299,8.951925032363306e-07,HIS-HIS
7cen,0.18099952,0.07040497740099028,0.11059454003980562,HIS-HOH
2vyw,0.031031132,0.031031201086623383,6.934223861776445e-08,HIS-OXY
6dpq,0.03289795,0.019319426797068218,0.013578522421681782,HIS-HOH
4nxa,0.16034698,0.12314189223282668,0.03720509263045457,HIS-HOH
1u7s,0.06726837,0.05582671327449873,0.01144165830753252,HIS-HOH
3m2i,0.017795563,0.021158404311734103,0.0033628415675934775,HIS-HOH
2mbw,0.1048069,0.08713853571477514,0.017668364309638918,HIS-HOH
3m29,0.0425148,0.04991310890012102,0.007398307874730392,HIS-HOH
1rap,0.09684563,0.07135100157798746,0.025494625253067227,HIS-MET
4c44,0.009418011,0.03936640419662485,0.029948393484954927,HIS-HOH
3zbm,0.0132341385,0.027217585941713196,0.013983447452943665,HIS-MET
7biu,0.020402908,0.035547159985171994,0.015144251659976682,HIS-HOH
4nvc,0.139328,0.10520295846265526,0.03412504446703224,HIS-HOH
1rf9,0.08130121,0.062123842440763966,0.01917736987002705,CYS-HOH
2vnz,0.1972313,0.15463380913170255,0.042597483592906826,HIS-HOH
5u61,0.1330967,0.10844942334301422,0.024647271603274845,HIS-HOH
1hrc,0.012786865,0.012782887957719424,3.977276655575679e-06,HIS-MET
5fne,0.2832656,0.20537420432849451,0.0778913863392301,HIS-HOH
6xaj,0.112101555,0.08607391416914822,0.026027640701457244,CYS-HOH
1lco,0.0032444,0.005309062946249554,0.0020646629218354917,HIS-HIS
2as6,0.12972212,0.10100092758678514,0.02872119079090041,HIS-HOH
1cio,0.06475639,0.058159812230353936,0.006596581202263252,HIS-HOH
7cl7,0.24215603,0.18104062220683304,0.06111540654072556,CYS-HOH
3aeb,0.0019893646,0.0019867068501753238,2.6577738481137203e-06,HIS-HIS
2vyz,0.011537552,0.01704054201555394,0.005502990135671126,HIS-OXY
6rqd,0.1785183,0.1240037961272229,0.05451449916086304,CYS-HOH
5c6y,0.05078411,0.04950466095727979,0.0012794500656694296,HIS-HOH
4g47,0.20146751,0.14695217163963292,0.054515342398453015,CYS-HOH
5mjc,0.0009460449,0.0009511951049674394,5.15018309243942e-06,HIS-HIS
2w6y,0.07372284,0.05848954168280329,0.015233297672665458,HIS-HOH
1ch7,0.036397934,0.039540837463903244,0.003142903503942307,HIS-HOH
6rsj,0.013053894,0.013022258763594863,3.1635279373887215e-05,HIS-HOH
5vcd,0.1197958,0.09544554390022064,0.024350255355150452,CYS-HOH
2zxy,0.0028038025,0.04945371439432478,0.0466499119040904,HIS-MET
2zwu,0.28591728,0.2171531128985329,0.06876416920595929,CYS-HOH
1rse,0.045084,0.034052283341961864,0.011031716291827198,HIS-HOH
2bgv,0.0030269623,0.0030286436799258354,1.6813996523978858e-06,HIS-MET
2yca,0.062151194,0.04818255408097816,0.013968639537796257,CYS-HOH
4pqc,0.08800125,0.04599499561380771,0.042006255606895415,HIS-HOH
1yzp,0.106536865,0.05018805941836035,0.05634880581601465,HIS-HOH
3sfe,0.05464363,0.046957789841972186,0.007685841139473126,HIS-HIS
6vdp,0.014701843,0.011631581247229406,0.0030702620144893444,HIS-HIS
2rby,0.043314934,0.03585814236729856,0.0074567914095569066,HIS-HOH
4xxl,0.007993698,0.007996364234227116,2.6661141099282304e-06,HIS-HIS
1csv,0.08433533,0.05567716120103938,0.028658165947398118,HIS-MET
1bva,0.13731766,0.11296988856943813,0.024347768901265,HIS-HOH
3l1m,0.048879623,0.03923428141763452,0.009645341995451417,HIS-MET
6mi0,0.0026817322,0.13099265860765286,0.12831092642991848,CYS-HOH
3s8g,0.07300758,0.0341534733192681,0.03885411029889596,HIS-HIS
1lgf,0.044013977,0.03528215078702601,0.008731826263755238,CYS-HOH
5zzf,0.12437487,0.09965909052434974,0.024715775961245967,HIS-HOH
4bm2,0.28604984,0.20419370542342197,0.08185613741105069,HIS-HOH
1ls9,0.00018596649,0.00018628180353452706,3.153118353083073e-07,HIS-MET
5ex9,0.041337967,0.030009069723767823,0.01132889719517749,CYS-HOH
1bz6,0.0680809,0.05787681826548585,0.010204083834123523,HIS-HOH
6vxv,0.21588898,0.15697673558208258,0.05891224146869867,CYS-HOH
1aeq,0.0019111633,0.0019090362791018833,2.1270509762416623e-06,HIS-HOH
5ejx,0.08495903,0.09518299062294489,0.010223960471577698,HIS-HOH
4nvm,0.086013794,0.0736235159008789,0.0123902780444336,HIS-HOH
1jp8,0.02374649,0.023723546744901736,2.294373361388935e-05,HIS-HOH
7dds,0.090890884,0.05500457824878424,0.03588630615062982,HIS-HOH
3m97,0.045222282,0.09169693072935381,0.04647464831968584,HIS-MET
4gp4,0.14002037,0.07761668642180908,0.06240368406158936,HIS-HIS
1ltw,0.00071525574,0.0007140185467378046,1.237190566882873e-06,HIS-OXY
6ekx,0.0046463013,0.01351163307372083,0.00886533180418958,CYS-HOH
7cez,0.12063503,0.09060119743128148,0.030033835222527117,HIS-HOH
2aqd,0.10240698,0.08645384135765077,0.01595313724952696,HIS-HOH
6gii,0.071998596,0.0601170542656817,0.011881541925724548,CYS-HOH
1ryc,0.015197754,0.015199411669527763,1.6577632777625695e-06,HIS-HOH
2xih,0.026283264,0.014564045015323046,0.011719219144833204,HIS-OXY
3r5o,0.28361702,0.20185986478183437,0.08175715487148594,HIS-HOH
3vxj,0.07063079,0.05956867284571876,0.011062115957381824,HIS-HOH
3a4g,0.16593248,0.12571864158480972,0.04021383493572861,CYS-HOH
4jmz,0.096092224,0.05379762899730167,0.04229459512379208,HIS-HOH
6r3w,0.07920456,0.059995068303805965,0.01920949102236591,HIS-HOH
6ma8,0.21892262,0.17014138882908547,0.04878122622218406,CYS-HOH
1phc,0.30412304,0.23739467458470642,0.06672836942927063,CYS-HOH
