,# PDB
0,102m
1,155c
2,1a2f
3,1a2g
4,1a6k
5,1a6m
6,1a6n
7,1aa4
8,1abs
9,1ac4
10,1ac8
11,1aeb
12,1aed
13,1aee
14,1aef
15,1aeg
16,1aeh
17,1aej
18,1aek
19,1aem
20,1aen
21,1aeo
22,1aeq
23,1aes
24,1aet
25,1aeu
26,1aev
27,1akd
28,1aom
29,1arp
30,1arx
31,1ary
32,1ash
33,1b2v
34,1b5m
35,1b7v
36,1bej
37,1bek
38,1bem
39,1beq
40,1bgp
41,1bva
42,1bz6
43,1bzp
44,1c52
45,1c6r
46,1c75
47,1cc5
48,1cca
49,1ccb
50,1ccc
51,1cce
52,1cci
53,1ccj
54,1cck
55,1ccl
56,1ccp
57,1ccr
58,1cgn
59,1cgo
60,1ch1
61,1ch2
62,1ch3
63,1ch5
64,1ch7
65,1ch9
66,1chh
67,1chi
68,1chj
69,1ci3
70,1cie
71,1cif
72,1cig
73,1cih
74,1cik
75,1cio
76,1ck6
77,1cmp
78,1cmq
79,1cmt
80,1cmu
81,1co6
82,1co8
83,1co9
84,1cot
85,1cp0
86,1cp5
87,1cpd
88,1cpe
89,1cpf
90,1cpg
91,1cpo
92,1cpq
93,1cpr
94,1cpt
95,1cpw
96,1crg
97,1crh
98,1cri
99,1crj
100,1cry
101,1csu
102,1csv
103,1csw
104,1csx
105,1ctj
106,1ctm
107,1cty
108,1ctz
109,1cxc
110,1cxy
111,1cyf
112,1cyi
113,1cyj
114,1cyo
115,1d06
116,1d3s
117,1dcc
118,1dj1
119,1dlw
120,1dm1
121,1do3
122,1do4
123,1dp6
124,1drm
125,1dt1
126,1dt6
127,1dti
128,1duk
129,1dve
130,1dws
131,1dwt
132,1dxd
133,1dy7
134,1e29
135,1e83
136,1e84
137,1e93
138,1ebe
139,1eca
140,1ecd
141,1ehb
142,1ehe
143,1ehf
144,1ehg
145,1ehk
146,1es1
147,1eup
148,1ew0
149,1f1f
150,1f63
151,1f65
152,1fcb
153,1fcs
154,1flp
155,1gdj
156,1gdv
157,1geb
158,1ged
159,1gjm
160,1gvh
161,1gw2
162,1gwe
163,1gwf
164,1gwh
165,1gwo
166,1gwt
167,1gwu
168,1gza
169,1gzb
170,1h55
171,1h57
172,1h58
173,1h5a
174,1h5c
175,1h5d
176,1h5e
177,1h5f
178,1h5g
179,1h5h
180,1h5i
181,1h5j
182,1h5k
183,1h5l
184,1h5m
185,1h5z
186,1h6n
187,1h7k
188,1hbz
189,1hch
190,1hcz
191,1hlb
192,1hrc
193,1hrm
194,1hsr
195,1hsy
196,1hzu
197,1hzv
198,1io3
199,1irv
200,1irw
201,1iwi
202,1iwj
203,1iwk
204,1iyn
205,1j52
206,1j77
207,1jci
208,1jdl
209,1jdr
210,1jf3
211,1jf4
212,1jfb
213,1jio
214,1jp6
215,1jp8
216,1jp9
217,1jpb
218,1kb0
219,1kbi
220,1kfr
221,1kr7
222,1krj
223,1kv9
224,1kxm
225,1kxn
226,1kzm
227,1l9b
228,1lco
229,1ldc
230,1lfk
231,1lg9
232,1lgf
233,1lh2
234,1lhs
235,1llp
236,1lqx
237,1lr6
238,1ls9
239,1lsw
240,1ltd
241,1ltw
242,1lue
243,1lwl
244,1m20
245,1m2i
246,1m2m
247,1m59
248,1m7v
249,1m7z
250,1m85
251,1mba
252,1mbd
253,1mbo
254,1mbs
255,1mgn
256,1mj4
257,1mk8
258,1mkq
259,1mkr
260,1mlg
261,1mlh
262,1mlk
263,1mll
264,1mln
265,1mlo
266,1mlr
267,1mls
268,1mn1
269,1mn2
270,1mnh
271,1mnp
272,1moa
273,1mob
274,1mod
275,1mqf
276,1mti
277,1mtj
278,1mtk
279,1myt
280,1mz4
281,1n40
282,1n4g
283,1n5u
284,1n6b
285,1nek
286,1nen
287,1nr6
288,1ntf
289,1nz2
290,1nz3
291,1nz4
292,1nz5
293,1o16
294,1oaf
295,1oag
296,1obm
297,1ofj
298,1ofk
299,1oxa
300,1p3t
301,1p7r
302,1pa2
303,1phc
304,1pkf
305,1po5
306,1q1f
307,1q5d
308,1q5e
309,1qhu
310,1qmq
311,1qo4
312,1qw6
313,1qwc
314,1r9o
315,1rap
316,1raq
317,1re9
318,1rf9
319,1rom
320,1rse
321,1rtx
322,1ryc
323,1sk7
324,1sog
325,1stq
326,1t93
327,1tqn
328,1u13
329,1u75
330,1u7s
331,1u9u
332,1ub2
333,1ubb
334,1ue8
335,1ulw
336,1uvy
337,1v07
338,1v5h
339,1vag
340,1vgi
341,1vxa
342,1vxb
343,1vxd
344,1vxe
345,1vxg
346,1vxh
347,1w0e
348,1w0f
349,1w2l
350,1wla
351,1x3k
352,1x46
353,1x8q
354,1x8v
355,1xbn
356,1xch
357,1xj3
358,1xme
359,1xqd
360,1y01
361,1y28
362,1y5l
363,1ycc
364,1yea
365,1yeb
366,1yiq
367,1yma
368,1ymb
369,1yq3
370,1yq4
371,1yrc
372,1yrd
373,1ytc
374,1ywd
375,1yyd
376,1yyg
377,1yzp
378,1yzr
379,1z8o
380,1z8p
381,1z8q
382,1zby
383,1zbz
384,1zoy
385,1zvi
386,2a3f
387,2acp
388,2ah7
389,2aiu
390,2al0
391,2all
392,2amm
393,2an0
394,2an2
395,2anz
396,2aqd
397,2as1
398,2as2
399,2as3
400,2as4
401,2as6
402,2b0z
403,2b4z
404,2bcn
405,2bgv
406,2bh4
407,2bh5
408,2bk9
409,2blf
410,2blh
411,2bli
412,2boq
413,2bpb
414,2bwh
415,2c2c
416,2c7x
417,2c8s
418,2c9x
419,2ca3
420,2ca4
421,2cag
422,2cah
423,2ccp
424,2ce0
425,2ce1
426,2cep
427,2civ
428,2ciw
429,2cix
430,2cj0
431,2cj1
432,2cl4
433,2cmn
434,2cp4
435,2cpo
436,2cpp
437,2cyp
438,2d09
439,2d0e
440,2d0s
441,2e2y
442,2eun
443,2euo
444,2eup
445,2euq
446,2eur
447,2eus
448,2eut
449,2euu
450,2fr7
451,2g5g
452,2gdm
453,2ggn
454,2ghe
455,2gjm
456,2h89
457,2hbg
458,2hi4
459,2hz1
460,2hz2
461,2hz3
462,2ia8
463,2ibj
464,2icv
465,2iiz
466,2imq
467,2ivf
468,2j0p
469,2j18
470,2j19
471,2jjn
472,2jjo
473,2lh2
474,2mbw
475,2mgb
476,2mgd
477,2mge
478,2mgg
479,2mgh
480,2mgi
481,2mgj
482,2mgl
483,2mgm
484,2mta
485,2nni
486,2nnj
487,2nqx
488,2nrl
489,2nrm
490,2nwb
491,2o86
492,2oh8
493,2oh9
494,2oha
495,2ohb
496,2owh
497,2oye
498,2oyu
499,2oz0
500,2pt3
501,2pum
502,2q8q
503,2q9f
504,2q9g
505,2qbl
506,2qbn
507,2qpe
508,2qqt
509,2qrb
510,2r5l
511,2r79
512,2r7a
513,2rbt
514,2rbu
515,2rbv
516,2rbw
517,2rbx
518,2rby
519,2rbz
520,2rc0
521,2rc1
522,2rc2
523,2spm
524,2spn
525,2spo
526,2uuq
527,2uyd
528,2v07
529,2v1h
530,2v1i
531,2v1j
532,2v1k
533,2v23
534,2v2e
535,2v7i
536,2v7j
537,2vcf
538,2vcs
539,2veb
540,2vka
541,2vku
542,2vlx
543,2vly
544,2vlz
545,2vn0
546,2vnx
547,2vnz
548,2vo2
549,2vry
550,2vyw
551,2vyy
552,2vyz
553,2w23
554,2w6w
555,2w6x
556,2w6y
557,2wgy
558,2wio
559,2wm4
560,2wm5
561,2wtg
562,2x07
563,2x08
564,2x5l
565,2x5w
566,2x9p
567,2xbk
568,2xc3
569,2xi6
570,2xif
571,2xih
572,2xil
573,2xj5
574,2xj6
575,2xj8
576,2xkg
577,2xkh
578,2xki
579,2xl8
580,2xld
581,2xlh
582,2xm0
583,2xm4
584,2xn8
585,2xvx
586,2xvy
587,2xvz
588,2y5a
589,2y6a
590,2y6b
591,2y98
592,2yca
593,2ycc
594,2ycg
595,2ykz
596,2yli
597,2ylj
598,2yqb
599,2z3u
600,2z6f
601,2z6s
602,2z6t
603,2zax
604,2zby
605,2zbz
606,2zon
607,2zoo
608,2zuh
609,2zui
610,2zuj
611,2zwj
612,2zwt
613,2zwu
614,2zxy
615,351c
616,3a1l
617,3a2g
618,3a4g
619,3a5a
620,3a5b
621,3aba
622,3abb
623,3ae4
624,3aeb
625,3aef
626,3afv
627,3awm
628,3awp
629,3awq
630,3b47
631,3b4x
632,3buj
633,3c2c
634,3ccp
635,3ccx
636,3cp4
637,3cp5
638,3cqv
639,3cu4
640,3cv8
641,3cv9
642,3cxv
643,3cxx
644,3cxy
645,3cxz
646,3cy0
647,3cy1
648,3dam
649,3dan
650,3dbm
651,3de9
652,3dmi
653,3dp5
654,3e2n
655,3e2o
656,3e4y
657,3e5j
658,3e5l
659,3ecl
660,3eh4
661,3eh5
662,3emm
663,3eqm
664,3erh
665,3eri
666,3exb
667,3fkg
668,3fm1
669,3fm4
670,3fm6
671,3fmu
672,3g5f
673,3g5h
674,3gc1
675,3gck
676,3gcl
677,3gk9
678,3gkt
679,3h57
680,3h58
681,3hb6
682,3hc9
683,3hen
684,3i6n
685,3iqb
686,3ivy
687,3iw0
688,3iw1
689,3iw2
690,3k9z
691,3krq
692,3kw4
693,3l1m
694,3l61
695,3l62
696,3l63
697,3m23
698,3m25
699,3m26
700,3m27
701,3m28
702,3m29
703,3m2a
704,3m2b
705,3m2c
706,3m2d
707,3m2e
708,3m2f
709,3m2g
710,3m2h
711,3m2i
712,3m38
713,3m39
714,3m3a
715,3m3b
716,3m5q
717,3m8m
718,3m97
719,3mm1
720,3nv5
721,3nv6
722,3nyh
723,3o1a
724,3o89
725,3ogb
726,3oia
727,3ol5
728,3oo3
729,3ovu
730,3ozz
731,3p3o
732,3p6m
733,3p6n
734,3p6o
735,3p6p
736,3p6q
737,3p6r
738,3p6s
739,3p6t
740,3p6u
741,3p6v
742,3p6w
743,3p6x
744,3pc2
745,3pc3
746,3pc4
747,3pm0
748,3py4
749,3q3u
750,3qf1
751,3qjq
752,3qjs
753,3qjt
754,3qju
755,3qjv
756,3qm5
757,3qm6
758,3qns
759,3qzl
760,3qzx
761,3qzz
762,3r5o
763,3r5q
764,3rgk
765,3rwl
766,3s4f
767,3s79
768,3s8f
769,3s8g
770,3sfd
771,3sfe
772,3sxv
773,3tga
774,3tgy
775,3tkt
776,3tm3
777,3tm9
778,3u3e
779,3ua1
780,3uas
781,3uba
782,3vm4
783,3vno
784,3vnw
785,3voo
786,3vp5
787,3vrm
788,3vtj
789,3vu3
790,3vxi
791,3vxj
792,3vym
793,3wc8
794,3wec
795,3wfw
796,3wnu
797,3wui
798,3wvs
799,3wxo
800,3x16
801,3x32
802,3x33
803,3x34
804,3x35
805,3zbm
806,3zcg
807,3zch
808,3ziy
809,3zkp
810,3zqv
811,451c
812,4a6z
813,4a71
814,4a78
815,4a7m
816,4am2
817,4am4
818,4am5
819,4ave
820,4b4y
821,4bja
822,4blk
823,4bll
824,4bln
825,4blx
826,4bly
827,4bm0
828,4bm2
829,4bm3
830,4bm4
831,4c44
832,4ccp
833,4ccx
834,4cda
835,4cdv
836,4cdy
837,4cip
838,4cjo
839,4cp4
840,4cpp
841,4czn
842,4czo
843,4czp
844,4czq
845,4czr
846,4d3i
847,4d3j
848,4d3m
849,4d3n
850,4d3o
851,4d3t
852,4d3u
853,4d3v
854,4d7h
855,4d7i
856,4d7j
857,4dc7
858,4dc8
859,4dnj
860,4dxy
861,4dy9
862,4e2p
863,4eic
864,4eid
865,4eie
866,4eif
867,4f68
868,4f6b
869,4f6d
870,4f6g
871,4f6i
872,4fa7
873,4faa
874,4fcn
875,4fcs
876,4fdq
877,4fef
878,4fia
879,4fwx
880,4fwy
881,4fwz
882,4g05
883,4g2g
884,4g46
885,4g47
886,4g48
887,4g70
888,4g71
889,4g7l
890,4g7q
891,4g7s
892,4g8u
893,4g8w
894,4ggv
895,4gm7
896,4gn6
897,4gp4
898,4gp5
899,4gp8
900,4h07
901,4h0b
902,4h1n
903,4h8p
904,4h8q
905,4hhs
906,4hka
907,4hpc
908,4i3q
909,4i91
910,4ict
911,4ips
912,4ipw
913,4iq7
914,4iq9
915,4it8
916,4jcg
917,4jlt
918,4jm5
919,4jm6
920,4jm8
921,4jm9
922,4jma
923,4jmb
924,4jms
925,4jmt
926,4jmv
927,4jmw
928,4jmz
929,4jn0
930,4jou
931,4jpl
932,4jpt
933,4jpu
934,4jqj
935,4jqk
936,4jqm
937,4jqn
938,4kky
939,4kmg
940,4kpa
941,4ksz
942,4ktf
943,4ktj
944,4ktk
945,4ktl
946,4kvk
947,4l0e
948,4l1y
949,4l1z
950,4l40
951,4l49
952,4l4a
953,4l4b
954,4l54
955,4lpi
956,4lwa
957,4lwb
958,4lxj
959,4mbn
960,4msf
961,4mu5
962,4n4y
963,4njb
964,4ns2
965,4nva
966,4nvb
967,4nvc
968,4nvd
969,4nve
970,4nvf
971,4nvg
972,4nvh
973,4nvi
974,4nvj
975,4nvk
976,4nvl
977,4nvm
978,4nvn
979,4nvo
980,4nxa
981,4nxc
982,4nzi
983,4o1t
984,4o4t
985,4o4z
986,4o6s
987,4o6t
988,4o6u
989,4oek
990,4of9
991,4ood
992,4oq7
993,4oqr
994,4oqs
995,4oz5
996,4pnj
997,4pnx
998,4pq6
999,4pqb
1000,4pqc
1001,4pw9
1002,4qau
1003,4qjq
1004,4rlr
1005,4rm4
1006,4tpn
1007,4tpo
1008,4tvf
1009,4tx3
1010,4tyx
1011,4u9e
1012,4uax
1013,4ubs
1014,4ug5
1015,4ug6
1016,4ug7
1017,4ug8
1018,4ug9
1019,4uga
1020,4ugb
1021,4ugc
1022,4ugd
1023,4uge
1024,4ugf
1025,4ugg
1026,4ugh
1027,4ugi
1028,4ugj
1029,4ugk
1030,4ugl
1031,4ugm
1032,4ugn
1033,4ugo
1034,4ugp
1035,4ugq
1036,4ugr
1037,4ugs
1038,4ugt
1039,4ugu
1040,4ugv
1041,4ugw
1042,4ugx
1043,4ugy
1044,4uqr
1045,4uqs
1046,4ux6
1047,4w7o
1048,4wch
1049,4wgy
1050,4wgz
1051,4wpz
1052,4wq0
1053,4xmc
1054,4xmd
1055,4xmh
1056,4xv4
1057,4xv5
1058,4xv6
1059,4xv7
1060,4xv8
1061,4xxl
1062,4y4s
1063,4y55
1064,4yxd
1065,4yzr
1066,4z5q
1067,4zf6
1068,4zfb
1069,4zid
1070,4zv8
1071,5a1p
1072,5a1r
1073,5a5i
1074,5a5j
1075,5abn
1076,5abo
1077,5abq
1078,5al9
1079,5aog
1080,5az3
1081,5b4z
1082,5b50
1083,5b51
1084,5b72
1085,5b82
1086,5b84
1087,5b85
1088,5c58
1089,5c6y
1090,5ccp
1091,5cje
1092,5cn4
1093,5cn5
1094,5cn6
1095,5cn7
1096,5cn8
1097,5cn9
1098,5cnb
1099,5cnc
1100,5cnd
1101,5cne
1102,5cnf
1103,5cng
1104,5cp4
1105,5cpp
1106,5cyt
1107,5d5r
1108,5d6m
1109,5edt
1110,5eet
1111,5ejt
1112,5ejx
1113,5eoh
1114,5eqm
1115,5esi
1116,5esn
1117,5eu2
1118,5ev5
1119,5ex9
1120,5eyj
1121,5eys
1122,5f0b
1123,5f2a
1124,5fne
1125,5fvo
1126,5g5j
1127,5g65
1128,5g66
1129,5g67
1130,5g68
1131,5g69
1132,5g6a
1133,5g6b
1134,5g6c
1135,5g6d
1136,5g6e
1137,5g6f
1138,5g6g
1139,5g6h
1140,5g6i
1141,5g6j
1142,5g6k
1143,5g6l
1144,5g6m
1145,5g6n
1146,5g6o
1147,5g6p
1148,5g6q
1149,5gnl
1150,5gxg
1151,5hav
1152,5hiw
1153,5hlq
1154,5hlu
1155,5hlx
1156,5ibh
1157,5ibi
1158,5ibj
1159,5ik1
1160,5ikd
1161,5ikg
1162,5iqx
1163,5jkv
1164,5jkw
1165,5jl6
1166,5jp7
1167,5jqr
1168,5jsl
1169,5jt4
1170,5jve
1171,5kdb
1172,5kdy
1173,5kdz
1174,5kke
1175,5kt1
1176,5kzl
1177,5l1o
1178,5l1p
1179,5l1q
1180,5l1r
1181,5l1s
1182,5l1t
1183,5l1u
1184,5l1v
1185,5l1w
1186,5lft
1187,5lte
1188,5lth
1189,5m0n
1190,5m3s
1191,5m6j
1192,5mbn
1193,5mfa
1194,5mjc
1195,5mjd
1196,5mxy
1197,5mxz
1198,5n1t
1199,5ncb
1200,5ndc
1201,5ngx
1202,5nvi
1203,5nw6
1204,5nws
1205,5o17
1206,5o18
1207,5o1k
1208,5o27
1209,5obo
1210,5ocb
1211,5ocf
1212,5omr
1213,5oms
1214,5omu
1215,5op9
1216,5opa
1217,5oxu
1218,5oy2
1219,5t6q
1220,5twt
1221,5u5u
1222,5u5v
1223,5u5w
1224,5u5x
1225,5u5y
1226,5u5z
1227,5u60
1228,5u61
1229,5u6t
1230,5u6u
1231,5u6w
1232,5uec
1233,5ufg
1234,5ug2
1235,5ut8
1236,5utb
1237,5utc
1238,5uvb
1239,5vcc
1240,5vcd
1241,5vcg
1242,5via
1243,5vjs
1244,5vjt
1245,5vju
1246,5vnu
1247,5vrt
1248,5vws
1249,5w0c
1250,5w58
1251,5wjk
1252,5wv3
1253,5x23
1254,5x24
1255,5x7e
1256,5xjn
1257,5xkv
1258,5xkw
1259,5xnt
1260,5xw2
1261,5xxi
1262,5xzi
1263,5yce
1264,5ycg
1265,5ych
1266,5ylw
1267,5ym3
1268,5yqa
1269,5ysm
1270,5ysw
1271,5yzf
1272,5z25
1273,5z7e
1274,5z9i
1275,5zeo
1276,5zm9
1277,5zze
1278,5zzf
1279,5zzg
1280,6a15
1281,6a2j
1282,6a3k
1283,6a4y
1284,6a6q
1285,6a7i
1286,6a7j
1287,6bdd
1288,6bde
1289,6bld
1290,6bmt
1291,6c2d
1292,6c3h
1293,6c3j
1294,6c4w
1295,6c93
1296,6ccp
1297,6cp4
1298,6cpp
1299,6cuk
1300,6cvc
1301,6d45
1302,6dcd
1303,6dpq
1304,6dxi
1305,6dyi
1306,6ekw
1307,6ekx
1308,6eky
1309,6eye
1310,6f0b
1311,6f0c
1312,6f1q
1313,6ff5
1314,6fja
1315,6fyj
1316,6gd6
1317,6gd7
1318,6gd9
1319,6gda
1320,6geo
1321,6geq
1322,6gii
1323,6gk5
1324,6gk6
1325,6gmf
1326,6h5z
1327,6h6i
1328,6h6j
1329,6hqk
1330,6hql
1331,6hqm
1332,6hqn
1333,6hqo
1334,6hqp
1335,6hqq
1336,6hqr
1337,6hqs
1338,6hqt
1339,6ied
1340,6j82
1341,6j83
1342,6j84
1343,6j95
1344,6jsa
1345,6jt6
1346,6k9i
1347,6k9j
1348,6kbh
1349,6kfw
1350,6krc
1351,6krf
1352,6l32
1353,6l5g
1354,6l8i
1355,6l8j
1356,6lco
1357,6ldl
1358,6m4q
1359,6m4s
1360,6m7e
1361,6m7l
1362,6m8f
1363,6ma8
1364,6mcw
1365,6mi0
1366,6mjm
1367,6mx5
1368,6myo
1369,6myp
1370,6myq
1371,6myr
1372,6mys
1373,6myt
1374,6myu
1375,6nzx
1376,6o0a
1377,6onq
1378,6oo9
1379,6ooa
1380,6oob
1381,6oow
1382,6oox
1383,6ot8
1384,6pq6
1385,6pqd
1386,6pqs
1387,6pqw
1388,6prr
1389,6prs
1390,6pt7
1391,6qq0
1392,6qq1
1393,6qq2
1394,6r1q
1395,6r3w
1396,6ra6
1397,6ro8
1398,6rq0
1399,6rq1
1400,6rq3
1401,6rq5
1402,6rq6
1403,6rq8
1404,6rq9
1405,6rqb
1406,6rqd
1407,6rqe
1408,6rsi
1409,6rsj
1410,6s8y
1411,6t0g
1412,6t0h
1413,6t0j
1414,6te7
1415,6tet
1416,6tev
1417,6tpo
1418,6u3k
1419,6u87
1420,6u97
1421,6unn
1422,6upg
1423,6vdp
1424,6vdq
1425,6vdz
1426,6vjx
1427,6vxv
1428,6vz6
1429,6vza
1430,6vzb
1431,6wj6
1432,6wzc
1433,6wzp
1434,6x8x
1435,6xa3
1436,6xaj
1437,6xal
1438,6xam
1439,6xcx
1440,6xk3
1441,6xk4
1442,6xk5
1443,6xk6
1444,6xk7
1445,6xk8
1446,6xmc
1447,6y1t
1448,6y2y
1449,6ych
1450,6yci
1451,6ycj
1452,6yck
1453,6ycl
1454,6ycm
1455,6ycn
1456,6yco
1457,6ycp
1458,6yct
1459,6z4r
1460,6zmq
1461,7abb
1462,7anv
1463,7b21
1464,7bi1
1465,7biu
1466,7bwh
1467,7c73
1468,7c74
1469,7c75
1470,7ccf
1471,7ccp
1472,7cen
1473,7cez
1474,7cka
1475,7cl7
1476,7cl8
1477,7cl9
1478,7cpp
1479,7d52
1480,7d5i
1481,7d8m
1482,7dao
1483,7dds
1484,7de5
1485,7di3
1486,7dlh
1487,7dls
1488,7dmr
1489,7dvr
1490,7jw5
1491,7kcs
1492,7ks8
1493,7kyr
1494,7l3u
1495,7l3y
1496,7lad
1497,7lxl
1498,7mhy
1499,7n14
1500,7nho
1501,7nhp
1502,7nhq
1503,7nqm
1504,7nqn
1505,7nqo
1506,7oo5
1507,7ow9
1508,7pr4
1509,7red
1510,7reh
1511,7rl2
1512,7sa3
1513,7ve3
1514,8cpp
